{"version": "1", "message": "ERROR: Hidden Testcases server unreachable.", "problem_id": "ads2_m4_a1_1", "user_id": "tezasrivishnu", "score": {"sample": {"0": {"execution_time": 0.3400886058807373, "passed": true}, "1": {"execution_time": 0.3488001823425293, "passed": true}, "2": {"execution_time": 0.3748817443847656, "passed": true}, "3": {"execution_time": 0.40280604362487793, "passed": true}, "4": {"execution_time": 0.31505918502807617, "passed": true}, "5": {"execution_time": 0.32009315490722656, "passed": true}, "6": {"execution_time": 0.31382083892822266, "passed": true}, "7": {"execution_time": 0.32381677627563477, "passed": true}, "8": {"execution_time": 0.33992958068847656, "passed": true}, "9": {"execution_time": 0.28596949577331543, "passed": true}, "10": {"execution_time": 0.2847127914428711, "passed": true}, "11": {"execution_time": 0.29601311683654785, "passed": true}, "12": {"execution_time": 0.2818412780761719, "passed": true}, "13": {"execution_time": 1.8415257930755615, "passed": true}, "14": {"execution_time": 0.32084226608276367, "passed": true}}}, "check_style_score": "0/1"}