{"version": "1", "message": "ERROR: Hidden Testcases server unreachable.", "problem_id": "ads2_m4_a1_1", "user_id": "tezasrivishnu", "score": {"sample": {"0": {"execution_time": 0.35408449172973633, "passed": true}, "1": {"execution_time": 0.3430144786834717, "passed": true}, "2": {"execution_time": 0.40384769439697266, "passed": true}, "3": {"execution_time": 0.4467439651489258, "passed": true}, "4": {"execution_time": 0.392789363861084, "passed": true}, "5": {"execution_time": 0.4650108814239502, "passed": true}, "6": {"execution_time": 0.3182528018951416, "passed": true}, "7": {"execution_time": 0.33075761795043945, "passed": true}, "8": {"execution_time": 0.36979007720947266, "passed": true}, "9": {"execution_time": 0.31200313568115234, "passed": true}, "10": {"execution_time": 0.36983180046081543, "passed": true}, "11": {"execution_time": 0.2999725341796875, "passed": true}, "12": {"execution_time": 0.295438289642334, "passed": true}, "13": {"execution_time": 1.9463732242584229, "passed": true}, "14": {"execution_time": 0.2846949100494385, "passed": true}}}, "check_style_score": "1/1"}