{"version": "1", "message": "ERROR: Hidden Testcases server unreachable.", "problem_id": "ads2_m4_a1_1", "user_id": "tezasrivishnu", "score": {"sample": {"0": {"execution_time": 0.4010918140411377, "passed": true}, "1": {"execution_time": 0.2637975215911865, "passed": false}, "2": {"execution_time": 0.2628300189971924, "passed": false}, "3": {"execution_time": 0.31592464447021484, "passed": false}, "4": {"execution_time": 0.3631620407104492, "passed": false}, "5": {"execution_time": 0.25379061698913574, "passed": false}, "6": {"execution_time": 0.26956820487976074, "passed": false}, "7": {"execution_time": 0.26943230628967285, "passed": false}, "8": {"execution_time": 0.32289624214172363, "passed": true}, "9": {"execution_time": 0.269193172454834, "passed": false}, "10": {"execution_time": 0.29999399185180664, "passed": false}, "11": {"execution_time": 0.2696340084075928, "passed": false}, "12": {"execution_time": 0.3008546829223633, "passed": false}, "13": {"execution_time": 0.3383963108062744, "passed": false}, "14": {"execution_time": 0.35413622856140137, "passed": false}}}, "check_style_score": "0/1"}