{"version": "1", "message": "ERROR: Hidden Testcases server unreachable.", "problem_id": "ads2_m4_a1_1", "user_id": "tezasrivishnu", "score": {"sample": {"0": {"execution_time": 0.4727296829223633, "passed": true}, "1": {"execution_time": 0.39730358123779297, "passed": true}, "2": {"execution_time": 0.5102479457855225, "passed": true}, "3": {"execution_time": 0.630237340927124, "passed": true}, "4": {"execution_time": 0.3396871089935303, "passed": true}, "5": {"execution_time": 0.4573547840118408, "passed": true}, "6": {"execution_time": 0.44966793060302734, "passed": true}, "7": {"execution_time": 0.33466672897338867, "passed": true}, "8": {"execution_time": 0.4501523971557617, "passed": true}, "9": {"execution_time": 0.3165895938873291, "passed": true}, "10": {"execution_time": 0.30080485343933105, "passed": true}, "11": {"execution_time": 0.3610074520111084, "passed": true}, "12": {"execution_time": 0.27375078201293945, "passed": true}, "13": {"execution_time": 1.9641685485839844, "passed": true}, "14": {"execution_time": 0.37258315086364746, "passed": true}}}, "check_style_score": "0/1"}