{"version": "1", "message": "ERROR: Hidden Testcases server unreachable.", "problem_id": "ads2_m4_a1_1", "user_id": "tezasrivishnu", "score": {"sample": {"0": {"execution_time": 0.42266154289245605, "passed": true}, "1": {"execution_time": 0.4233088493347168, "passed": true}, "2": {"execution_time": 0.46367859840393066, "passed": true}, "3": {"execution_time": 0.5035669803619385, "passed": true}, "4": {"execution_time": 0.35454869270324707, "passed": true}, "5": {"execution_time": 0.3825652599334717, "passed": true}, "6": {"execution_time": 0.34221363067626953, "passed": true}, "7": {"execution_time": 0.39244723320007324, "passed": true}, "8": {"execution_time": 0.37468600273132324, "passed": true}, "9": {"execution_time": 0.34240007400512695, "passed": true}, "10": {"execution_time": 0.36412668228149414, "passed": true}, "11": {"execution_time": 0.36411023139953613, "passed": true}, "12": {"execution_time": 0.31400465965270996, "passed": true}, "13": {"execution_time": 2.3638315200805664, "passed": true}, "14": {"execution_time": 0.322070837020874, "passed": true}}}, "check_style_score": "1/1"}