{"version": "1", "message": "ERROR: Hidden Testcases server unreachable.", "problem_id": "ads2_m4_a1_1", "user_id": "tezasrivishnu", "score": {"sample": {"0": {"execution_time": 0.3385646343231201, "passed": true}, "1": {"execution_time": 0.31641077995300293, "passed": true}, "2": {"execution_time": 0.3849930763244629, "passed": true}, "3": {"execution_time": 0.3848378658294678, "passed": true}, "4": {"execution_time": 0.3005547523498535, "passed": true}, "5": {"execution_time": 0.36954665184020996, "passed": true}, "6": {"execution_time": 0.30695438385009766, "passed": true}, "7": {"execution_time": 0.3475186824798584, "passed": true}, "8": {"execution_time": 0.3476684093475342, "passed": true}, "9": {"execution_time": 0.26291728019714355, "passed": true}, "10": {"execution_time": 0.2695589065551758, "passed": true}, "11": {"execution_time": 0.2851684093475342, "passed": true}, "12": {"execution_time": 0.2852487564086914, "passed": true}, "13": {"execution_time": 1.9070699214935303, "passed": true}, "14": {"execution_time": 0.2691631317138672, "passed": true}}}, "check_style_score": "0/1"}