{"version": "1", "message": "ERROR: Hidden Testcases server unreachable.", "problem_id": "ads2_m4_a1_1", "user_id": "tezasrivishnu", "score": {"sample": {"0": {"execution_time": 0.35388970375061035, "passed": true}, "1": {"execution_time": 0.2848036289215088, "passed": false}, "2": {"execution_time": 0.36945438385009766, "passed": false}, "3": {"execution_time": 0.48512697219848633, "passed": false}, "4": {"execution_time": 0.3071472644805908, "passed": false}, "5": {"execution_time": 0.269301176071167, "passed": false}, "6": {"execution_time": 0.3163774013519287, "passed": false}, "7": {"execution_time": 0.32294273376464844, "passed": false}, "8": {"execution_time": 0.33165621757507324, "passed": true}, "9": {"execution_time": 0.33748579025268555, "passed": false}, "10": {"execution_time": 0.273953914642334, "passed": false}, "11": {"execution_time": 0.42282676696777344, "passed": false}, "12": {"execution_time": 0.2850000858306885, "passed": false}, "13": {"execution_time": 1.41880202293396, "passed": false}, "14": {"execution_time": 0.3226006031036377, "passed": false}}}, "check_style_score": "0/1"}