{"version": "1", "message": "ERROR: Hidden Testcases server unreachable.", "problem_id": "ads2_m4_a1_1", "user_id": "tezasrivishnu", "score": {"sample": {"0": {"execution_time": 0.32427430152893066, "passed": false}, "1": {"execution_time": 0.3442840576171875, "passed": false}, "2": {"execution_time": 0.42311525344848633, "passed": false}, "3": {"execution_time": 0.470811128616333, "passed": false}, "4": {"execution_time": 0.334683895111084, "passed": false}, "5": {"execution_time": 0.33349013328552246, "passed": false}, "6": {"execution_time": 0.35239672660827637, "passed": false}, "7": {"execution_time": 0.3321073055267334, "passed": false}, "8": {"execution_time": 0.35180091857910156, "passed": false}, "9": {"execution_time": 0.3324100971221924, "passed": false}, "10": {"execution_time": 0.3320448398590088, "passed": false}, "11": {"execution_time": 0.32442235946655273, "passed": false}, "12": {"execution_time": 0.3223550319671631, "passed": false}, "13": {"execution_time": 1.7574584484100342, "passed": false}, "14": {"execution_time": 0.3004333972930908, "passed": false}}}, "check_style_score": "1/1"}