{"version": "1", "message": "ERROR: Hidden Testcases server unreachable.", "problem_id": "ads2_m4_a1_1", "user_id": "tezasrivishnu", "score": {"sample": {"0": {"execution_time": 0.3318674564361572, "passed": false}, "1": {"execution_time": 0.33797717094421387, "passed": false}, "2": {"execution_time": 0.263134241104126, "passed": false}, "3": {"execution_time": 0.26944494247436523, "passed": false}, "4": {"execution_time": 0.39412713050842285, "passed": false}, "5": {"execution_time": 0.270216703414917, "passed": false}, "6": {"execution_time": 0.26921534538269043, "passed": false}, "7": {"execution_time": 0.25405359268188477, "passed": false}, "8": {"execution_time": 0.33156490325927734, "passed": false}, "9": {"execution_time": 0.36992359161376953, "passed": false}, "10": {"execution_time": 0.2543151378631592, "passed": false}, "11": {"execution_time": 0.3002619743347168, "passed": false}, "12": {"execution_time": 0.2537102699279785, "passed": false}, "13": {"execution_time": 0.2626378536224365, "passed": false}, "14": {"execution_time": 0.3698914051055908, "passed": false}}}, "check_style_score": "0/1"}