{"version": "1", "message": "ERROR: Hidden Testcases server unreachable.", "problem_id": "ads2_m4_a1_1", "user_id": "tezasrivishnu", "score": {"sample": {"0": {"execution_time": 0.362945556640625, "passed": true}, "1": {"execution_time": 0.3317744731903076, "passed": true}, "2": {"execution_time": 0.4007420539855957, "passed": true}, "3": {"execution_time": 0.44785070419311523, "passed": true}, "4": {"execution_time": 0.3006937503814697, "passed": true}, "5": {"execution_time": 0.31667137145996094, "passed": true}, "6": {"execution_time": 0.3006448745727539, "passed": true}, "7": {"execution_time": 0.3162243366241455, "passed": true}, "8": {"execution_time": 0.45403265953063965, "passed": true}, "9": {"execution_time": 0.26915717124938965, "passed": true}, "10": {"execution_time": 0.28508901596069336, "passed": true}, "11": {"execution_time": 0.26952433586120605, "passed": true}, "12": {"execution_time": 0.2691659927368164, "passed": true}, "13": {"execution_time": 1.780705213546753, "passed": true}, "14": {"execution_time": 0.2692070007324219, "passed": true}}}, "check_style_score": "0/1"}