{"version": "1", "message": "ERROR: Hidden Testcases server unreachable.", "problem_id": "ads2_m4_a1_1", "user_id": "tezasrivishnu", "score": {"sample": {"0": {"execution_time": 0.34731030464172363, "passed": true}, "1": {"execution_time": 0.3384826183319092, "passed": true}, "2": {"execution_time": 0.45363807678222656, "passed": true}, "3": {"execution_time": 0.4322090148925781, "passed": true}, "4": {"execution_time": 0.3698258399963379, "passed": true}, "5": {"execution_time": 0.3164966106414795, "passed": true}, "6": {"execution_time": 0.33925485610961914, "passed": true}, "7": {"execution_time": 0.33823156356811523, "passed": true}, "8": {"execution_time": 0.3544161319732666, "passed": true}, "9": {"execution_time": 0.2788546085357666, "passed": true}, "10": {"execution_time": 0.2691829204559326, "passed": true}, "11": {"execution_time": 0.26931071281433105, "passed": true}, "12": {"execution_time": 0.2851219177246094, "passed": true}, "13": {"execution_time": 1.8880503177642822, "passed": true}, "14": {"execution_time": 0.26656270027160645, "passed": true}}}, "check_style_score": "1/1"}