{"version": "1", "message": "ERROR: Hidden Testcases server unreachable.", "problem_id": "ads2_m4_a1_1", "user_id": "tezasrivishnu", "score": {"sample": {"0": {"execution_time": 0.3540940284729004, "passed": true}, "1": {"execution_time": 0.4165380001068115, "passed": false}, "2": {"execution_time": 0.41635918617248535, "passed": false}, "3": {"execution_time": 0.4857819080352783, "passed": false}, "4": {"execution_time": 0.3540985584259033, "passed": false}, "5": {"execution_time": 0.29384350776672363, "passed": false}, "6": {"execution_time": 0.31977248191833496, "passed": false}, "7": {"execution_time": 0.3697659969329834, "passed": false}, "8": {"execution_time": 0.33169126510620117, "passed": true}, "9": {"execution_time": 0.36976099014282227, "passed": true}, "10": {"execution_time": 0.3161635398864746, "passed": true}, "11": {"execution_time": 0.34743380546569824, "passed": false}, "12": {"execution_time": 0.27837371826171875, "passed": false}, "13": {"execution_time": 1.541440725326538, "passed": false}, "14": {"execution_time": 0.3472864627838135, "passed": true}}}, "check_style_score": "0/1"}