{"version": "1", "message": "ERROR: Hidden Testcases server unreachable.", "problem_id": "ads2_m4_a1_1", "user_id": "tezasrivishnu", "score": {"sample": {"0": {"execution_time": 0.22194790840148926, "passed": false}, "1": {"execution_time": 0.2411491870880127, "passed": false}, "2": {"execution_time": 0.20028972625732422, "passed": false}, "3": {"execution_time": 0.23764991760253906, "passed": false}, "4": {"execution_time": 0.22252368927001953, "passed": false}, "5": {"execution_time": 0.24713635444641113, "passed": false}, "6": {"execution_time": 0.20661067962646484, "passed": false}, "7": {"execution_time": 0.2914764881134033, "passed": false}, "8": {"execution_time": 0.21584749221801758, "passed": false}, "9": {"execution_time": 0.22062206268310547, "passed": false}, "10": {"execution_time": 0.2003188133239746, "passed": false}, "11": {"execution_time": 0.23824405670166016, "passed": false}, "12": {"execution_time": 0.2162175178527832, "passed": false}, "13": {"execution_time": 0.28495216369628906, "passed": false}, "14": {"execution_time": 0.3164098262786865, "passed": false}}}, "check_style_score": "0/1"}