{"version": "1", "message": "ERROR: Hidden Testcases server unreachable.", "problem_id": "ads2_m4_a1_1", "user_id": "tezasrivishnu", "score": {"sample": {"0": {"execution_time": 0.45431995391845703, "passed": true}, "1": {"execution_time": 0.3854045867919922, "passed": false}, "2": {"execution_time": 0.374605655670166, "passed": false}, "3": {"execution_time": 0.383648157119751, "passed": false}, "4": {"execution_time": 0.2693161964416504, "passed": false}, "5": {"execution_time": 0.2852511405944824, "passed": false}, "6": {"execution_time": 0.3381955623626709, "passed": false}, "7": {"execution_time": 0.27410221099853516, "passed": false}, "8": {"execution_time": 0.3938586711883545, "passed": true}, "9": {"execution_time": 0.4008941650390625, "passed": false}, "10": {"execution_time": 0.28505945205688477, "passed": false}, "11": {"execution_time": 0.26961541175842285, "passed": false}, "12": {"execution_time": 0.26941680908203125, "passed": false}, "13": {"execution_time": 1.5114696025848389, "passed": false}, "14": {"execution_time": 0.45444631576538086, "passed": false}}}, "check_style_score": "0/1"}