{"version": "1", "message": "ERROR: Hidden Testcases server unreachable.", "problem_id": "ads2_m4_a1_1", "user_id": "tezasrivishnu", "score": {"sample": {"0": {"execution_time": 0.39263176918029785, "passed": true}, "1": {"execution_time": 0.3926510810852051, "passed": true}, "2": {"execution_time": 0.4424283504486084, "passed": true}, "3": {"execution_time": 0.4830641746520996, "passed": true}, "4": {"execution_time": 0.36155009269714355, "passed": true}, "5": {"execution_time": 0.3728156089782715, "passed": true}, "6": {"execution_time": 0.3727071285247803, "passed": true}, "7": {"execution_time": 0.37235188484191895, "passed": true}, "8": {"execution_time": 0.3824763298034668, "passed": true}, "9": {"execution_time": 0.3140702247619629, "passed": true}, "10": {"execution_time": 0.3309764862060547, "passed": true}, "11": {"execution_time": 0.3340437412261963, "passed": true}, "12": {"execution_time": 0.32990384101867676, "passed": true}, "13": {"execution_time": 2.3570849895477295, "passed": true}, "14": {"execution_time": 0.3322110176086426, "passed": true}}}, "check_style_score": "1/1"}