{"version": "1", "message": "ERROR: Hidden Testcases server unreachable.", "problem_id": "ads2_m4_a1_1", "user_id": "tezasrivishnu", "score": {"sample": {"0": {"execution_time": 0.8760457038879395, "passed": true}, "1": {"execution_time": 0.41999363899230957, "passed": true}, "2": {"execution_time": 0.4434235095977783, "passed": true}, "3": {"execution_time": 0.4478108882904053, "passed": true}, "4": {"execution_time": 0.3513038158416748, "passed": true}, "5": {"execution_time": 0.32314300537109375, "passed": true}, "6": {"execution_time": 0.308809757232666, "passed": true}, "7": {"execution_time": 0.5188908576965332, "passed": true}, "8": {"execution_time": 0.32139015197753906, "passed": true}, "9": {"execution_time": 0.3223435878753662, "passed": true}, "10": {"execution_time": 0.25881052017211914, "passed": true}, "11": {"execution_time": 0.2773866653442383, "passed": true}, "12": {"execution_time": 0.25750041007995605, "passed": true}, "13": {"execution_time": 1.873164176940918, "passed": true}, "14": {"execution_time": 0.27117228507995605, "passed": true}}}, "check_style_score": "0/1"}