{"version": "1", "message": "ERROR: Hidden Testcases server unreachable.", "problem_id": "ads2_m4_a1_1", "user_id": "tezasrivishnu", "score": {"sample": {"0": {"execution_time": 0.3708045482635498, "passed": true}, "1": {"execution_time": 0.3277864456176758, "passed": false}, "2": {"execution_time": 0.33954334259033203, "passed": false}, "3": {"execution_time": 0.38181304931640625, "passed": false}, "4": {"execution_time": 0.319171667098999, "passed": false}, "5": {"execution_time": 0.2773127555847168, "passed": false}, "6": {"execution_time": 0.3109722137451172, "passed": false}, "7": {"execution_time": 0.2759084701538086, "passed": false}, "8": {"execution_time": 0.3973839282989502, "passed": true}, "9": {"execution_time": 0.27584290504455566, "passed": false}, "10": {"execution_time": 0.39577507972717285, "passed": false}, "11": {"execution_time": 0.3627912998199463, "passed": false}, "12": {"execution_time": 0.27734375, "passed": false}, "13": {"execution_time": 1.5191988945007324, "passed": false}, "14": {"execution_time": 0.28388071060180664, "passed": false}}}, "check_style_score": "0/1"}