{"version": "1", "message": "ERROR: Hidden Testcases server unreachable.", "problem_id": "ads2_m4_a1_1", "user_id": "tezasrivishnu", "score": {"sample": {"0": {"execution_time": 0.35320425033569336, "passed": true}, "1": {"execution_time": 0.323026180267334, "passed": true}, "2": {"execution_time": 0.36111998558044434, "passed": true}, "3": {"execution_time": 0.4092292785644531, "passed": true}, "4": {"execution_time": 0.30033397674560547, "passed": true}, "5": {"execution_time": 0.31994128227233887, "passed": true}, "6": {"execution_time": 0.31623220443725586, "passed": true}, "7": {"execution_time": 0.3040962219238281, "passed": true}, "8": {"execution_time": 0.3538210391998291, "passed": true}, "9": {"execution_time": 0.2903406620025635, "passed": true}, "10": {"execution_time": 0.2852630615234375, "passed": true}, "11": {"execution_time": 0.2696218490600586, "passed": true}, "12": {"execution_time": 0.2847883701324463, "passed": true}, "13": {"execution_time": 1.6960906982421875, "passed": true}, "14": {"execution_time": 0.2693791389465332, "passed": true}}}, "check_style_score": "1/1"}