{"version": "1", "message": "ERROR: Hidden Testcases server unreachable.", "problem_id": "ads2_m4_a1_1", "user_id": "tezasrivishnu", "score": {"sample": {"0": {"execution_time": 0.7295811176300049, "passed": true}, "1": {"execution_time": 0.5786669254302979, "passed": true}, "2": {"execution_time": 0.776555061340332, "passed": true}, "3": {"execution_time": 0.5587635040283203, "passed": true}, "4": {"execution_time": 0.6318221092224121, "passed": true}, "5": {"execution_time": 0.338808536529541, "passed": true}, "6": {"execution_time": 0.4648435115814209, "passed": true}, "7": {"execution_time": 0.3296990394592285, "passed": true}, "8": {"execution_time": 0.4583089351654053, "passed": true}, "9": {"execution_time": 0.28984904289245605, "passed": true}, "10": {"execution_time": 0.34580278396606445, "passed": true}, "11": {"execution_time": 0.2694370746612549, "passed": true}, "12": {"execution_time": 0.34738945960998535, "passed": true}, "13": {"execution_time": 1.911435842514038, "passed": true}, "14": {"execution_time": 0.28495025634765625, "passed": true}}}, "check_style_score": "1/1"}