{"version": "1", "message": "ERROR: Hidden Testcases server unreachable.", "problem_id": "ads2_m4_a1_1", "user_id": "tezasrivishnu", "score": {"sample": {"0": {"execution_time": 0.40090036392211914, "passed": true}, "1": {"execution_time": 0.5237600803375244, "passed": false}, "2": {"execution_time": 0.26288652420043945, "passed": false}, "3": {"execution_time": 0.3382456302642822, "passed": false}, "4": {"execution_time": 0.34768128395080566, "passed": false}, "5": {"execution_time": 0.3916966915130615, "passed": false}, "6": {"execution_time": 0.37507200241088867, "passed": false}, "7": {"execution_time": 0.3010745048522949, "passed": false}, "8": {"execution_time": 0.36983275413513184, "passed": true}, "9": {"execution_time": 0.2760937213897705, "passed": false}, "10": {"execution_time": 0.3005814552307129, "passed": false}, "11": {"execution_time": 0.2804453372955322, "passed": false}, "12": {"execution_time": 0.31638312339782715, "passed": false}, "13": {"execution_time": 0.2690746784210205, "passed": false}, "14": {"execution_time": 0.3318758010864258, "passed": false}}}, "check_style_score": "0/1"}