{"version": "1", "message": "ERROR: Hidden Testcases server unreachable.", "problem_id": "ads2_m4_a1_1", "user_id": "tezasrivishnu", "score": {"sample": {"0": {"execution_time": 0.33185911178588867, "passed": true}, "1": {"execution_time": 0.40062546730041504, "passed": true}, "2": {"execution_time": 0.4007527828216553, "passed": true}, "3": {"execution_time": 0.44794130325317383, "passed": true}, "4": {"execution_time": 0.3004269599914551, "passed": true}, "5": {"execution_time": 0.30069589614868164, "passed": true}, "6": {"execution_time": 0.3005557060241699, "passed": true}, "7": {"execution_time": 0.33205461502075195, "passed": true}, "8": {"execution_time": 0.3470346927642822, "passed": true}, "9": {"execution_time": 0.26923632621765137, "passed": true}, "10": {"execution_time": 0.2692883014678955, "passed": true}, "11": {"execution_time": 0.269298791885376, "passed": true}, "12": {"execution_time": 0.26937079429626465, "passed": true}, "13": {"execution_time": 1.751068115234375, "passed": true}, "14": {"execution_time": 0.3069000244140625, "passed": true}}}, "check_style_score": "1/1"}