{"version": "1", "message": "ERROR: Hidden Testcases server unreachable.", "problem_id": "ads2_m4_a1_1", "user_id": "tezasrivishnu", "score": {"sample": {"0": {"execution_time": 0.33196544647216797, "passed": false}, "1": {"execution_time": 0.2852356433868408, "passed": false}, "2": {"execution_time": 0.262939453125, "passed": false}, "3": {"execution_time": 0.3908970355987549, "passed": false}, "4": {"execution_time": 0.4172182083129883, "passed": false}, "5": {"execution_time": 0.3160877227783203, "passed": false}, "6": {"execution_time": 0.28711414337158203, "passed": false}, "7": {"execution_time": 0.3632848262786865, "passed": false}, "8": {"execution_time": 0.26723790168762207, "passed": false}, "9": {"execution_time": 0.2849719524383545, "passed": false}, "10": {"execution_time": 0.2538638114929199, "passed": false}, "11": {"execution_time": 0.2694694995880127, "passed": false}, "12": {"execution_time": 0.24724435806274414, "passed": false}, "13": {"execution_time": 0.26950955390930176, "passed": false}, "14": {"execution_time": 0.269298791885376, "passed": false}}}, "check_style_score": "0/1"}