{"version": "1", "message": "ERROR: Hidden Testcases server unreachable.", "problem_id": "ads2_m4_a1_1", "user_id": "tezasrivishnu", "score": {"sample": {"0": {"execution_time": 0.366790771484375, "passed": true}, "1": {"execution_time": 0.32132792472839355, "passed": true}, "2": {"execution_time": 0.3678627014160156, "passed": true}, "3": {"execution_time": 0.41082048416137695, "passed": true}, "4": {"execution_time": 0.4923675060272217, "passed": true}, "5": {"execution_time": 0.36801767349243164, "passed": true}, "6": {"execution_time": 0.3673067092895508, "passed": true}, "7": {"execution_time": 0.46881818771362305, "passed": true}, "8": {"execution_time": 0.3376898765563965, "passed": true}, "9": {"execution_time": 0.2565643787384033, "passed": true}, "10": {"execution_time": 0.37999582290649414, "passed": true}, "11": {"execution_time": 0.3361213207244873, "passed": true}, "12": {"execution_time": 0.425933837890625, "passed": true}, "13": {"execution_time": 1.8608105182647705, "passed": true}, "14": {"execution_time": 0.3507668972015381, "passed": true}}}, "check_style_score": "0/1"}