{"version": "1", "message": "ERROR: Hidden Testcases server unreachable.", "problem_id": "ads2_m4_a1_1", "user_id": "tezasrivishnu", "score": {"sample": {"0": {"execution_time": 0.31571531295776367, "passed": true}, "1": {"execution_time": 0.25354552268981934, "passed": false}, "2": {"execution_time": 0.3316631317138672, "passed": false}, "3": {"execution_time": 0.447873592376709, "passed": false}, "4": {"execution_time": 0.31569766998291016, "passed": false}, "5": {"execution_time": 0.34760618209838867, "passed": false}, "6": {"execution_time": 0.2629270553588867, "passed": false}, "7": {"execution_time": 0.2848777770996094, "passed": false}, "8": {"execution_time": 0.3695352077484131, "passed": true}, "9": {"execution_time": 0.3382093906402588, "passed": false}, "10": {"execution_time": 0.30054712295532227, "passed": false}, "11": {"execution_time": 0.30068039894104004, "passed": false}, "12": {"execution_time": 0.28499913215637207, "passed": false}, "13": {"execution_time": 0.26906752586364746, "passed": false}, "14": {"execution_time": 0.3007316589355469, "passed": false}}}, "check_style_score": "0/1"}