{"version": "1", "message": "ERROR: Hidden Testcases server unreachable.", "problem_id": "ads2_m4_a1_1", "user_id": "tezasrivishnu", "score": {"sample": {"0": {"execution_time": 0.4009745121002197, "passed": true}, "1": {"execution_time": 0.3319840431213379, "passed": true}, "2": {"execution_time": 0.38512349128723145, "passed": true}, "3": {"execution_time": 0.4165821075439453, "passed": true}, "4": {"execution_time": 0.3159146308898926, "passed": true}, "5": {"execution_time": 0.31630539894104004, "passed": true}, "6": {"execution_time": 0.31611084938049316, "passed": true}, "7": {"execution_time": 0.3227043151855469, "passed": true}, "8": {"execution_time": 0.3691442012786865, "passed": true}, "9": {"execution_time": 0.2694053649902344, "passed": true}, "10": {"execution_time": 0.29996299743652344, "passed": true}, "11": {"execution_time": 0.28525543212890625, "passed": true}, "12": {"execution_time": 0.30056023597717285, "passed": true}, "13": {"execution_time": 1.8374712467193604, "passed": true}, "14": {"execution_time": 0.27872776985168457, "passed": true}}}, "check_style_score": "1/1"}