{"version": "1", "message": "ERROR: Hidden Testcases server unreachable.", "problem_id": "ads2_m4_a1_1", "user_id": "tezasrivishnu", "score": {"sample": {"0": {"execution_time": 0.6374919414520264, "passed": true}, "1": {"execution_time": 0.7450668811798096, "passed": true}, "2": {"execution_time": 0.6006519794464111, "passed": true}, "3": {"execution_time": 0.8267223834991455, "passed": true}, "4": {"execution_time": 0.8140537738800049, "passed": true}, "5": {"execution_time": 0.6412889957427979, "passed": true}, "6": {"execution_time": 0.7275309562683105, "passed": true}, "7": {"execution_time": 0.7822051048278809, "passed": true}, "8": {"execution_time": 0.7274999618530273, "passed": true}, "9": {"execution_time": 0.6550588607788086, "passed": true}, "10": {"execution_time": 0.6545636653900146, "passed": true}, "11": {"execution_time": 0.7788059711456299, "passed": true}, "12": {"execution_time": 0.7865395545959473, "passed": true}, "13": {"execution_time": 4.083081960678101, "passed": true}, "14": {"execution_time": 0.6840789318084717, "passed": true}}}, "check_style_score": "0/1"}