{"version": "1", "message": "ERROR: Hidden Testcases server unreachable.", "problem_id": "ads2_m4_a1_1", "user_id": "tezasrivishnu", "score": {"sample": {"0": {"execution_time": 0.2721548080444336, "passed": false}, "1": {"execution_time": 0.2778480052947998, "passed": false}, "2": {"execution_time": 0.2652091979980469, "passed": false}, "3": {"execution_time": 0.2739858627319336, "passed": false}, "4": {"execution_time": 0.26491546630859375, "passed": false}, "5": {"execution_time": 0.3578512668609619, "passed": false}, "6": {"execution_time": 0.29456377029418945, "passed": false}, "7": {"execution_time": 0.2748410701751709, "passed": false}, "8": {"execution_time": 0.2797234058380127, "passed": false}, "9": {"execution_time": 0.2668478488922119, "passed": false}, "10": {"execution_time": 0.2948312759399414, "passed": false}, "11": {"execution_time": 0.3066728115081787, "passed": false}, "12": {"execution_time": 0.3080112934112549, "passed": false}, "13": {"execution_time": 0.2577023506164551, "passed": false}, "14": {"execution_time": 0.2735285758972168, "passed": false}}}, "check_style_score": "0/1"}