{"version": "1", "message": "ERROR: Hidden Testcases server unreachable.", "problem_id": "ads2_m4_a1_1", "user_id": "tezasrivishnu", "score": {"sample": {"0": {"execution_time": 0.3834981918334961, "passed": true}, "1": {"execution_time": 0.383620023727417, "passed": false}, "2": {"execution_time": 0.4227294921875, "passed": false}, "3": {"execution_time": 0.45311522483825684, "passed": false}, "4": {"execution_time": 0.3430302143096924, "passed": false}, "5": {"execution_time": 0.33497071266174316, "passed": false}, "6": {"execution_time": 0.3339052200317383, "passed": false}, "7": {"execution_time": 0.3241579532623291, "passed": false}, "8": {"execution_time": 0.4339163303375244, "passed": true}, "9": {"execution_time": 0.3342783451080322, "passed": true}, "10": {"execution_time": 0.354278564453125, "passed": true}, "11": {"execution_time": 0.3341708183288574, "passed": true}, "12": {"execution_time": 0.44368815422058105, "passed": true}, "13": {"execution_time": 1.9139370918273926, "passed": false}, "14": {"execution_time": 0.3931875228881836, "passed": true}}}, "check_style_score": "1/1"}