{"version": "1", "message": "ERROR: Hidden Testcases server unreachable.", "problem_id": "ads2_m4_a1_1", "user_id": "tezasrivishnu", "score": {"sample": {"0": {"execution_time": 0.5015974044799805, "passed": true}, "1": {"execution_time": 0.4629189968109131, "passed": false}, "2": {"execution_time": 0.43095850944519043, "passed": false}, "3": {"execution_time": 0.5270118713378906, "passed": false}, "4": {"execution_time": 0.3247988224029541, "passed": false}, "5": {"execution_time": 0.3240342140197754, "passed": false}, "6": {"execution_time": 0.36243700981140137, "passed": false}, "7": {"execution_time": 0.33907461166381836, "passed": false}, "8": {"execution_time": 0.3925502300262451, "passed": true}, "9": {"execution_time": 0.32201051712036133, "passed": true}, "10": {"execution_time": 0.31165242195129395, "passed": true}, "11": {"execution_time": 0.3635673522949219, "passed": true}, "12": {"execution_time": 0.38220715522766113, "passed": true}, "13": {"execution_time": 2.072303533554077, "passed": false}, "14": {"execution_time": 0.3442363739013672, "passed": true}}}, "check_style_score": "1/1"}