{"version": "1", "message": "ERROR: Hidden Testcases server unreachable.", "problem_id": "ads2_m4_a1_1", "user_id": "tezasrivishnu", "score": {"sample": {"0": {"execution_time": 0.3188791275024414, "passed": true}, "1": {"execution_time": 0.2788395881652832, "passed": false}, "2": {"execution_time": 0.26784586906433105, "passed": false}, "3": {"execution_time": 0.2748692035675049, "passed": false}, "4": {"execution_time": 0.26599669456481934, "passed": false}, "5": {"execution_time": 0.43175244331359863, "passed": false}, "6": {"execution_time": 0.3226809501647949, "passed": false}, "7": {"execution_time": 0.32281494140625, "passed": false}, "8": {"execution_time": 0.33685898780822754, "passed": true}, "9": {"execution_time": 0.28383708000183105, "passed": true}, "10": {"execution_time": 0.381788969039917, "passed": true}, "11": {"execution_time": 0.7185907363891602, "passed": false}, "12": {"execution_time": 0.27984118461608887, "passed": false}, "13": {"execution_time": 0.2768418788909912, "passed": false}, "14": {"execution_time": 0.34841179847717285, "passed": true}}}, "check_style_score": "0/1"}