{"version": "1", "message": "ERROR: Hidden Testcases server unreachable.", "problem_id": "ads2_m4_a1_1", "user_id": "tezasrivishnu", "score": {"sample": {"0": {"execution_time": 0.41695690155029297, "passed": true}, "1": {"execution_time": 0.46158289909362793, "passed": true}, "2": {"execution_time": 0.5514109134674072, "passed": true}, "3": {"execution_time": 0.6368167400360107, "passed": true}, "4": {"execution_time": 0.45903658866882324, "passed": true}, "5": {"execution_time": 0.49511218070983887, "passed": true}, "6": {"execution_time": 0.43395042419433594, "passed": true}, "7": {"execution_time": 0.4994080066680908, "passed": true}, "8": {"execution_time": 0.5080726146697998, "passed": true}, "9": {"execution_time": 0.45517945289611816, "passed": true}, "10": {"execution_time": 0.5593178272247314, "passed": true}, "11": {"execution_time": 0.39130282402038574, "passed": true}, "12": {"execution_time": 0.4198942184448242, "passed": true}, "13": {"execution_time": 2.4144062995910645, "passed": true}, "14": {"execution_time": 0.4068751335144043, "passed": true}}}, "check_style_score": "0/1"}