{"version": "1", "message": "ERROR: Hidden Testcases server unreachable.", "problem_id": "ads2_m4_a1_1", "user_id": "tezasrivishnu", "score": {"sample": {"0": {"execution_time": 0.37859249114990234, "passed": true}, "1": {"execution_time": 0.3474602699279785, "passed": true}, "2": {"execution_time": 0.38506197929382324, "passed": true}, "3": {"execution_time": 0.38991403579711914, "passed": true}, "4": {"execution_time": 0.29834866523742676, "passed": true}, "5": {"execution_time": 0.3564572334289551, "passed": true}, "6": {"execution_time": 0.3163728713989258, "passed": true}, "7": {"execution_time": 0.31650876998901367, "passed": true}, "8": {"execution_time": 0.33196520805358887, "passed": true}, "9": {"execution_time": 0.2694528102874756, "passed": true}, "10": {"execution_time": 0.26944398880004883, "passed": true}, "11": {"execution_time": 0.2694742679595947, "passed": true}, "12": {"execution_time": 0.2848672866821289, "passed": true}, "13": {"execution_time": 1.7460362911224365, "passed": true}, "14": {"execution_time": 0.2693033218383789, "passed": true}}}, "check_style_score": "1/1"}