{"version": "1", "message": "ERROR: Hidden Testcases server unreachable.", "problem_id": "ads2_m4_a1_1", "user_id": "tezasrivishnu", "score": {"sample": {"0": {"execution_time": 0.39244675636291504, "passed": true}, "1": {"execution_time": 0.49350905418395996, "passed": true}, "2": {"execution_time": 0.4932246208190918, "passed": true}, "3": {"execution_time": 0.5539705753326416, "passed": true}, "4": {"execution_time": 0.37244153022766113, "passed": true}, "5": {"execution_time": 0.3843557834625244, "passed": true}, "6": {"execution_time": 0.36281776428222656, "passed": true}, "7": {"execution_time": 0.39362430572509766, "passed": true}, "8": {"execution_time": 0.37238073348999023, "passed": true}, "9": {"execution_time": 0.3441915512084961, "passed": true}, "10": {"execution_time": 0.3341085910797119, "passed": true}, "11": {"execution_time": 0.33016204833984375, "passed": true}, "12": {"execution_time": 0.3432338237762451, "passed": true}, "13": {"execution_time": 2.3231048583984375, "passed": true}, "14": {"execution_time": 0.3321824073791504, "passed": true}}}, "check_style_score": "1/1"}