{"version": "1", "message": "ERROR: Hidden Testcases server unreachable.", "problem_id": "ads2_m4_a1_1", "user_id": "tezasrivishnu", "score": {"sample": {"0": {"execution_time": 0.36937713623046875, "passed": true}, "1": {"execution_time": 0.35329627990722656, "passed": true}, "2": {"execution_time": 0.4007871150970459, "passed": true}, "3": {"execution_time": 0.4006361961364746, "passed": true}, "4": {"execution_time": 0.34747886657714844, "passed": true}, "5": {"execution_time": 0.32010960578918457, "passed": true}, "6": {"execution_time": 0.3375122547149658, "passed": true}, "7": {"execution_time": 0.3694877624511719, "passed": true}, "8": {"execution_time": 0.33213210105895996, "passed": true}, "9": {"execution_time": 0.29389095306396484, "passed": true}, "10": {"execution_time": 0.2846853733062744, "passed": true}, "11": {"execution_time": 0.2786104679107666, "passed": true}, "12": {"execution_time": 0.2847096920013428, "passed": true}, "13": {"execution_time": 1.7756078243255615, "passed": true}, "14": {"execution_time": 0.2850055694580078, "passed": true}}}, "check_style_score": "1/1"}