{"version": "1", "message": "ERROR: Hidden Testcases server unreachable.", "problem_id": "ads2_m4_a1_1", "user_id": "tezasrivishnu", "score": {"sample": {"0": {"execution_time": 0.316317081451416, "passed": true}, "1": {"execution_time": 0.33173251152038574, "passed": false}, "2": {"execution_time": 0.5323946475982666, "passed": false}, "3": {"execution_time": 0.5806255340576172, "passed": false}, "4": {"execution_time": 0.5555968284606934, "passed": false}, "5": {"execution_time": 0.36745500564575195, "passed": false}, "6": {"execution_time": 0.3328084945678711, "passed": false}, "7": {"execution_time": 0.3890049457550049, "passed": false}, "8": {"execution_time": 0.40030527114868164, "passed": true}, "9": {"execution_time": 0.28473830223083496, "passed": true}, "10": {"execution_time": 0.3690314292907715, "passed": true}, "11": {"execution_time": 0.36251330375671387, "passed": false}, "12": {"execution_time": 0.3012354373931885, "passed": false}, "13": {"execution_time": 1.7784054279327393, "passed": false}, "14": {"execution_time": 0.31560516357421875, "passed": true}}}, "check_style_score": "0/1"}