{"version": "1", "message": "ERROR: Hidden Testcases server unreachable.", "problem_id": "ads2_m4_a1_1", "user_id": "tezasrivishnu", "score": {"sample": {"0": {"execution_time": 0.4727294445037842, "passed": true}, "1": {"execution_time": 0.4867217540740967, "passed": true}, "2": {"execution_time": 0.5167043209075928, "passed": true}, "3": {"execution_time": 0.5167043209075928, "passed": true}, "4": {"execution_time": 0.4247570037841797, "passed": true}, "5": {"execution_time": 0.3867790699005127, "passed": true}, "6": {"execution_time": 0.3827807903289795, "passed": true}, "7": {"execution_time": 0.3887772560119629, "passed": true}, "8": {"execution_time": 0.3907766342163086, "passed": true}, "9": {"execution_time": 0.3527984619140625, "passed": true}, "10": {"execution_time": 0.33980727195739746, "passed": true}, "11": {"execution_time": 0.356795072555542, "passed": true}, "12": {"execution_time": 0.3308122158050537, "passed": true}, "13": {"execution_time": 2.421614170074463, "passed": true}, "14": {"execution_time": 0.504711389541626, "passed": true}}}, "check_style_score": "1/1"}