{"version": "1", "message": "ERROR: Hidden Testcases server unreachable.", "problem_id": "ads2_m4_a1_1", "user_id": "tezasrivishnu", "score": {"sample": {"0": {"execution_time": 0.3315267562866211, "passed": true}, "1": {"execution_time": 0.45453429222106934, "passed": false}, "2": {"execution_time": 0.3694283962249756, "passed": false}, "3": {"execution_time": 0.36957383155822754, "passed": false}, "4": {"execution_time": 0.38505125045776367, "passed": false}, "5": {"execution_time": 0.3004579544067383, "passed": false}, "6": {"execution_time": 0.3634464740753174, "passed": false}, "7": {"execution_time": 0.269550085067749, "passed": false}, "8": {"execution_time": 0.36960816383361816, "passed": true}, "9": {"execution_time": 0.30010032653808594, "passed": false}, "10": {"execution_time": 0.41634202003479004, "passed": false}, "11": {"execution_time": 0.35422182083129883, "passed": false}, "12": {"execution_time": 0.3072330951690674, "passed": false}, "13": {"execution_time": 1.6019377708435059, "passed": false}, "14": {"execution_time": 0.2849879264831543, "passed": false}}}, "check_style_score": "0/1"}