{"version": "1", "message": "ERROR: Hidden Testcases server unreachable.", "problem_id": "ads2_m4_a1_1", "user_id": "tezasrivishnu", "score": {"sample": {"0": {"execution_time": 0.34733033180236816, "passed": true}, "1": {"execution_time": 0.33202123641967773, "passed": true}, "2": {"execution_time": 0.38526201248168945, "passed": true}, "3": {"execution_time": 0.4160339832305908, "passed": true}, "4": {"execution_time": 0.36046648025512695, "passed": true}, "5": {"execution_time": 0.3699014186859131, "passed": true}, "6": {"execution_time": 0.33205556869506836, "passed": true}, "7": {"execution_time": 0.3321225643157959, "passed": true}, "8": {"execution_time": 0.34758806228637695, "passed": true}, "9": {"execution_time": 0.30034351348876953, "passed": true}, "10": {"execution_time": 0.28516650199890137, "passed": true}, "11": {"execution_time": 0.2852034568786621, "passed": true}, "12": {"execution_time": 0.2998330593109131, "passed": true}, "13": {"execution_time": 1.7871026992797852, "passed": true}, "14": {"execution_time": 0.26906418800354004, "passed": true}}}, "check_style_score": "1/1"}