{"version": "1", "message": "ERROR: Hidden Testcases server unreachable.", "problem_id": "ads2_m4_a1_1", "user_id": "tezasrivishnu", "score": {"sample": {"0": {"execution_time": 0.37232422828674316, "passed": true}, "1": {"execution_time": 0.393237829208374, "passed": true}, "2": {"execution_time": 0.4429006576538086, "passed": true}, "3": {"execution_time": 0.47368669509887695, "passed": true}, "4": {"execution_time": 0.37305140495300293, "passed": true}, "5": {"execution_time": 0.3741631507873535, "passed": true}, "6": {"execution_time": 0.3722655773162842, "passed": true}, "7": {"execution_time": 0.3735620975494385, "passed": true}, "8": {"execution_time": 0.36484766006469727, "passed": true}, "9": {"execution_time": 0.3221449851989746, "passed": true}, "10": {"execution_time": 0.31224536895751953, "passed": true}, "11": {"execution_time": 0.32218432426452637, "passed": true}, "12": {"execution_time": 0.3348817825317383, "passed": true}, "13": {"execution_time": 2.138108968734741, "passed": true}, "14": {"execution_time": 0.3219716548919678, "passed": true}}}, "check_style_score": "1/1"}