{"version": "1", "message": "ERROR: Hidden Testcases server unreachable.", "problem_id": "ads2_m4_a1_1", "user_id": "tezasrivishnu", "score": {"sample": {"0": {"execution_time": 0.3238539695739746, "passed": true}, "1": {"execution_time": 0.2550086975097656, "passed": false}, "2": {"execution_time": 0.25451135635375977, "passed": false}, "3": {"execution_time": 0.2571845054626465, "passed": false}, "4": {"execution_time": 0.31182098388671875, "passed": false}, "5": {"execution_time": 0.2538330554962158, "passed": false}, "6": {"execution_time": 0.2998392581939697, "passed": false}, "7": {"execution_time": 0.2836117744445801, "passed": false}, "8": {"execution_time": 0.3968632221221924, "passed": true}, "9": {"execution_time": 0.3128211498260498, "passed": true}, "10": {"execution_time": 0.2928316593170166, "passed": true}, "11": {"execution_time": 0.2508554458618164, "passed": false}, "12": {"execution_time": 0.2648494243621826, "passed": false}, "13": {"execution_time": 0.34980201721191406, "passed": false}, "14": {"execution_time": 0.27486443519592285, "passed": true}}}, "check_style_score": "0/1"}