{"version": "1", "message": "ERROR: Hidden Testcases server unreachable.", "problem_id": "ads2_m4_a1_1", "user_id": "tezasrivishnu", "score": {"sample": {"0": {"execution_time": 0.4271557331085205, "passed": true}, "1": {"execution_time": 0.3229854106903076, "passed": true}, "2": {"execution_time": 0.38509058952331543, "passed": true}, "3": {"execution_time": 0.4076089859008789, "passed": true}, "4": {"execution_time": 0.31626200675964355, "passed": true}, "5": {"execution_time": 0.33170056343078613, "passed": true}, "6": {"execution_time": 0.31612706184387207, "passed": true}, "7": {"execution_time": 0.32579612731933594, "passed": true}, "8": {"execution_time": 0.36946845054626465, "passed": true}, "9": {"execution_time": 0.3229861259460449, "passed": true}, "10": {"execution_time": 0.2697267532348633, "passed": true}, "11": {"execution_time": 0.2850666046142578, "passed": true}, "12": {"execution_time": 0.3007807731628418, "passed": true}, "13": {"execution_time": 1.7821342945098877, "passed": true}, "14": {"execution_time": 0.31603312492370605, "passed": true}}}, "check_style_score": "1/1"}