{"version": "1", "message": "ERROR: Hidden Testcases server unreachable.", "problem_id": "ads2_m4_a1_1", "user_id": "tezasrivishnu", "score": {"sample": {"0": {"execution_time": 0.3472404479980469, "passed": true}, "1": {"execution_time": 0.35361599922180176, "passed": false}, "2": {"execution_time": 0.4004344940185547, "passed": false}, "3": {"execution_time": 0.453937292098999, "passed": false}, "4": {"execution_time": 0.3430185317993164, "passed": false}, "5": {"execution_time": 0.30107927322387695, "passed": false}, "6": {"execution_time": 0.28533315658569336, "passed": false}, "7": {"execution_time": 0.3006105422973633, "passed": false}, "8": {"execution_time": 0.35382890701293945, "passed": true}, "9": {"execution_time": 0.3543248176574707, "passed": true}, "10": {"execution_time": 0.30040645599365234, "passed": true}, "11": {"execution_time": 0.2692532539367676, "passed": true}, "12": {"execution_time": 0.3875267505645752, "passed": true}, "13": {"execution_time": 1.7252609729766846, "passed": false}, "14": {"execution_time": 0.29668617248535156, "passed": true}}}, "check_style_score": "0/1"}