{"version": "1", "message": "ERROR: Hidden Testcases server unreachable.", "problem_id": "ads2_m4_a1_1", "user_id": "tezasrivishnu", "score": {"sample": {"0": {"execution_time": 0.38695240020751953, "passed": true}, "1": {"execution_time": 0.36766695976257324, "passed": false}, "2": {"execution_time": 0.4271211624145508, "passed": false}, "3": {"execution_time": 0.5342321395874023, "passed": false}, "4": {"execution_time": 0.5320909023284912, "passed": false}, "5": {"execution_time": 0.32372212409973145, "passed": false}, "6": {"execution_time": 0.338519811630249, "passed": false}, "7": {"execution_time": 0.3214855194091797, "passed": false}, "8": {"execution_time": 0.3686823844909668, "passed": true}, "9": {"execution_time": 0.3157029151916504, "passed": false}, "10": {"execution_time": 0.5948679447174072, "passed": false}, "11": {"execution_time": 0.29999351501464844, "passed": false}, "12": {"execution_time": 0.2846524715423584, "passed": false}, "13": {"execution_time": 1.6048517227172852, "passed": false}, "14": {"execution_time": 0.4011836051940918, "passed": false}}}, "check_style_score": "0/1"}