{"version": "1", "message": "ERROR: Hidden Testcases server unreachable.", "problem_id": "ads2_m4_a1_1", "user_id": "tezasrivishnu", "score": {"sample": {"0": {"execution_time": 0.4475533962249756, "passed": true}, "1": {"execution_time": 0.23143768310546875, "passed": false}, "2": {"execution_time": 0.24712514877319336, "passed": false}, "3": {"execution_time": 0.2317371368408203, "passed": false}, "4": {"execution_time": 0.2537503242492676, "passed": false}, "5": {"execution_time": 0.23177719116210938, "passed": false}, "6": {"execution_time": 0.2376418113708496, "passed": false}, "7": {"execution_time": 0.23210716247558594, "passed": false}, "8": {"execution_time": 0.40106964111328125, "passed": true}, "9": {"execution_time": 0.2615468502044678, "passed": true}, "10": {"execution_time": 0.26784682273864746, "passed": true}, "11": {"execution_time": 0.23166561126708984, "passed": false}, "12": {"execution_time": 0.2376871109008789, "passed": false}, "13": {"execution_time": 0.23156166076660156, "passed": false}, "14": {"execution_time": 0.36359167098999023, "passed": true}}}, "check_style_score": "0/1"}