{"version": "1", "message": "ERROR: Hidden Testcases server unreachable.", "problem_id": "ads2_m4_a1_1", "user_id": "tezasrivishnu", "score": {"sample": {"0": {"execution_time": 0.37882065773010254, "passed": true}, "1": {"execution_time": 0.33197712898254395, "passed": true}, "2": {"execution_time": 0.42298388481140137, "passed": true}, "3": {"execution_time": 0.4163045883178711, "passed": true}, "4": {"execution_time": 0.3695671558380127, "passed": true}, "5": {"execution_time": 0.369828462600708, "passed": true}, "6": {"execution_time": 0.3318634033203125, "passed": true}, "7": {"execution_time": 0.31616830825805664, "passed": true}, "8": {"execution_time": 0.34771108627319336, "passed": true}, "9": {"execution_time": 0.300678014755249, "passed": true}, "10": {"execution_time": 0.2695310115814209, "passed": true}, "11": {"execution_time": 0.28504014015197754, "passed": true}, "12": {"execution_time": 0.26908349990844727, "passed": true}, "13": {"execution_time": 1.72239089012146, "passed": true}, "14": {"execution_time": 0.2691364288330078, "passed": true}}}, "check_style_score": "0/1"}