{"version": "1", "message": "ERROR: Hidden Testcases server unreachable.", "problem_id": "ads2_m4_a1_1", "user_id": "tezasrivishnu", "score": {"sample": {"0": {"execution_time": 0.34936976432800293, "passed": true}, "1": {"execution_time": 0.33823251724243164, "passed": true}, "2": {"execution_time": 0.36957812309265137, "passed": true}, "3": {"execution_time": 0.4009993076324463, "passed": true}, "4": {"execution_time": 0.3162226676940918, "passed": true}, "5": {"execution_time": 0.3214852809906006, "passed": true}, "6": {"execution_time": 0.3318619728088379, "passed": true}, "7": {"execution_time": 0.30629730224609375, "passed": true}, "8": {"execution_time": 0.38104867935180664, "passed": true}, "9": {"execution_time": 0.28076934814453125, "passed": true}, "10": {"execution_time": 0.28519463539123535, "passed": true}, "11": {"execution_time": 0.2850613594055176, "passed": true}, "12": {"execution_time": 0.2848358154296875, "passed": true}, "13": {"execution_time": 2.0677695274353027, "passed": true}, "14": {"execution_time": 0.27557849884033203, "passed": true}}}, "check_style_score": "1/1"}