{"version": "1", "message": "ERROR: Hidden Testcases server unreachable.", "problem_id": "ads2_m4_a1_1", "user_id": "tezasrivishnu", "score": {"sample": {"0": {"execution_time": 0.3854804039001465, "passed": true}, "1": {"execution_time": 0.3008613586425781, "passed": false}, "2": {"execution_time": 0.369459867477417, "passed": false}, "3": {"execution_time": 0.36952638626098633, "passed": false}, "4": {"execution_time": 0.4951150417327881, "passed": false}, "5": {"execution_time": 0.43222498893737793, "passed": false}, "6": {"execution_time": 0.26881837844848633, "passed": false}, "7": {"execution_time": 0.2961995601654053, "passed": false}, "8": {"execution_time": 0.33185243606567383, "passed": true}, "9": {"execution_time": 0.26923203468322754, "passed": true}, "10": {"execution_time": 0.2879159450531006, "passed": true}, "11": {"execution_time": 0.2849605083465576, "passed": false}, "12": {"execution_time": 0.3853180408477783, "passed": false}, "13": {"execution_time": 1.5039501190185547, "passed": false}, "14": {"execution_time": 0.26915597915649414, "passed": true}}}, "check_style_score": "0/1"}