{"version": "1", "message": "ERROR: Hidden Testcases server unreachable.", "problem_id": "ads2_m4_a1_1", "user_id": "tezasrivishnu", "score": {"sample": {"0": {"execution_time": 0.34412193298339844, "passed": true}, "1": {"execution_time": 0.2849581241607666, "passed": false}, "2": {"execution_time": 0.2693347930908203, "passed": false}, "3": {"execution_time": 0.2536003589630127, "passed": false}, "4": {"execution_time": 0.31613969802856445, "passed": false}, "5": {"execution_time": 0.3319230079650879, "passed": false}, "6": {"execution_time": 0.30060410499572754, "passed": false}, "7": {"execution_time": 0.38503599166870117, "passed": false}, "8": {"execution_time": 0.43212008476257324, "passed": true}, "9": {"execution_time": 0.26939916610717773, "passed": false}, "10": {"execution_time": 0.28531885147094727, "passed": false}, "11": {"execution_time": 0.36975741386413574, "passed": false}, "12": {"execution_time": 0.26884007453918457, "passed": false}, "13": {"execution_time": 0.2537989616394043, "passed": false}, "14": {"execution_time": 0.2848472595214844, "passed": false}}}, "check_style_score": "0/1"}