{"version": "1", "message": "ERROR: Hidden Testcases server unreachable.", "problem_id": "ads2_m4_a1_1", "user_id": "tezasrivishnu", "score": {"sample": {"0": {"execution_time": 0.38561010360717773, "passed": true}, "1": {"execution_time": 0.2849116325378418, "passed": false}, "2": {"execution_time": 0.35424113273620605, "passed": false}, "3": {"execution_time": 0.4387552738189697, "passed": false}, "4": {"execution_time": 0.26360154151916504, "passed": false}, "5": {"execution_time": 0.28519487380981445, "passed": false}, "6": {"execution_time": 0.36963701248168945, "passed": false}, "7": {"execution_time": 0.26972150802612305, "passed": false}, "8": {"execution_time": 0.438718318939209, "passed": true}, "9": {"execution_time": 0.2564101219177246, "passed": true}, "10": {"execution_time": 0.2693595886230469, "passed": true}, "11": {"execution_time": 0.26889681816101074, "passed": false}, "12": {"execution_time": 0.26938414573669434, "passed": false}, "13": {"execution_time": 1.5352396965026855, "passed": false}, "14": {"execution_time": 0.26929330825805664, "passed": true}}}, "check_style_score": "0/1"}