{"version": "1", "message": "ERROR: Hidden Testcases server unreachable.", "problem_id": "ads2_m4_a1_1", "user_id": "tezasrivishnu", "score": {"sample": {"0": {"execution_time": 0.3633463382720947, "passed": true}, "1": {"execution_time": 0.33828282356262207, "passed": true}, "2": {"execution_time": 0.3698694705963135, "passed": true}, "3": {"execution_time": 0.41653943061828613, "passed": true}, "4": {"execution_time": 0.3475942611694336, "passed": true}, "5": {"execution_time": 0.31623172760009766, "passed": true}, "6": {"execution_time": 0.3070356845855713, "passed": true}, "7": {"execution_time": 0.31618738174438477, "passed": true}, "8": {"execution_time": 0.38526344299316406, "passed": true}, "9": {"execution_time": 0.2691996097564697, "passed": true}, "10": {"execution_time": 0.2852299213409424, "passed": true}, "11": {"execution_time": 0.2694876194000244, "passed": true}, "12": {"execution_time": 0.3476574420928955, "passed": true}, "13": {"execution_time": 1.8416376113891602, "passed": true}, "14": {"execution_time": 0.269197940826416, "passed": true}}}, "check_style_score": "0/1"}