{"version": "1", "message": "ERROR: Hidden Testcases server unreachable.", "problem_id": "ads2_m4_a1_1", "user_id": "tezasrivishnu", "score": {"sample": {"0": {"execution_time": 0.3488650321960449, "passed": true}, "1": {"execution_time": 0.3468647003173828, "passed": false}, "2": {"execution_time": 0.2779994010925293, "passed": false}, "3": {"execution_time": 0.2755305767059326, "passed": false}, "4": {"execution_time": 0.28174829483032227, "passed": false}, "5": {"execution_time": 0.35741758346557617, "passed": false}, "6": {"execution_time": 0.3478219509124756, "passed": false}, "7": {"execution_time": 0.3587968349456787, "passed": false}, "8": {"execution_time": 0.32245326042175293, "passed": true}, "9": {"execution_time": 0.33281779289245605, "passed": false}, "10": {"execution_time": 0.3248169422149658, "passed": false}, "11": {"execution_time": 0.3386223316192627, "passed": false}, "12": {"execution_time": 0.27788615226745605, "passed": false}, "13": {"execution_time": 0.26709413528442383, "passed": false}, "14": {"execution_time": 0.27114176750183105, "passed": false}}}, "check_style_score": "0/1"}