{"version": "1", "message": "ERROR: Hidden Testcases server unreachable.", "problem_id": "ads2_m4_a1_1", "user_id": "tezasrivishnu", "score": {"sample": {"0": {"execution_time": 0.9278624057769775, "passed": true}, "1": {"execution_time": 0.2807326316833496, "passed": false}, "2": {"execution_time": 0.2850489616394043, "passed": false}, "3": {"execution_time": 0.24394845962524414, "passed": false}, "4": {"execution_time": 0.2518172264099121, "passed": false}, "5": {"execution_time": 0.26955127716064453, "passed": false}, "6": {"execution_time": 0.23182272911071777, "passed": false}, "7": {"execution_time": 0.2474536895751953, "passed": false}, "8": {"execution_time": 0.4613986015319824, "passed": true}, "9": {"execution_time": 0.39754748344421387, "passed": true}, "10": {"execution_time": 0.3916459083557129, "passed": true}, "11": {"execution_time": 0.3221285343170166, "passed": false}, "12": {"execution_time": 0.37062644958496094, "passed": false}, "13": {"execution_time": 0.3423008918762207, "passed": false}, "14": {"execution_time": 0.4532947540283203, "passed": true}}}, "check_style_score": "0/1"}