{"version": "1", "message": "ERROR: Hidden Testcases server unreachable.", "problem_id": "ads2_m4_a1_1", "user_id": "tezasrivishnu", "score": {"sample": {"0": {"execution_time": 0.3530256748199463, "passed": true}, "1": {"execution_time": 0.35179901123046875, "passed": true}, "2": {"execution_time": 0.3844594955444336, "passed": true}, "3": {"execution_time": 0.4127633571624756, "passed": true}, "4": {"execution_time": 0.31581854820251465, "passed": true}, "5": {"execution_time": 0.30672383308410645, "passed": true}, "6": {"execution_time": 0.3198256492614746, "passed": true}, "7": {"execution_time": 0.3149435520172119, "passed": true}, "8": {"execution_time": 0.3532886505126953, "passed": true}, "9": {"execution_time": 0.2788407802581787, "passed": true}, "10": {"execution_time": 0.2959308624267578, "passed": true}, "11": {"execution_time": 0.28586411476135254, "passed": true}, "12": {"execution_time": 0.3410372734069824, "passed": true}, "13": {"execution_time": 1.7570500373840332, "passed": true}, "14": {"execution_time": 0.3707859516143799, "passed": true}}}, "check_style_score": "0/1"}