{"version": "1", "message": "ERROR: Hidden Testcases server unreachable.", "problem_id": "ads2_m4_a1_1", "user_id": "tezasrivishnu", "score": {"sample": {"0": {"execution_time": 0.37038493156433105, "passed": true}, "1": {"execution_time": 0.3316195011138916, "passed": true}, "2": {"execution_time": 0.38549160957336426, "passed": true}, "3": {"execution_time": 0.5162971019744873, "passed": true}, "4": {"execution_time": 0.36909914016723633, "passed": true}, "5": {"execution_time": 0.3697323799133301, "passed": true}, "6": {"execution_time": 0.34630322456359863, "passed": true}, "7": {"execution_time": 0.33191823959350586, "passed": true}, "8": {"execution_time": 0.3382244110107422, "passed": true}, "9": {"execution_time": 0.3006117343902588, "passed": true}, "10": {"execution_time": 0.3164353370666504, "passed": true}, "11": {"execution_time": 0.3004038333892822, "passed": true}, "12": {"execution_time": 0.2784452438354492, "passed": true}, "13": {"execution_time": 1.8952467441558838, "passed": true}, "14": {"execution_time": 0.28484201431274414, "passed": true}}}, "check_style_score": "1/1"}