{"version": "1", "message": "ERROR: Hidden Testcases server unreachable.", "problem_id": "ads2_m2_a1_1", "user_id": "tezasrivishnu", "score": {"sample": {"0": {"execution_time": 0.29291439056396484, "passed": true}, "1": {"execution_time": 0.24229764938354492, "passed": true}, "2": {"execution_time": 0.24885821342468262, "passed": true}, "3": {"execution_time": 0.24385952949523926, "passed": true}, "4": {"execution_time": 0.23986458778381348, "passed": true}, "5": {"execution_time": 0.2528548240661621, "passed": true}, "6": {"execution_time": 0.2608487606048584, "passed": true}, "7": {"execution_time": 0.2408614158630371, "passed": true}, "8": {"execution_time": 0.23986220359802246, "passed": true}, "9": {"execution_time": 0.258852481842041, "passed": true}, "10": {"execution_time": 0.3048253059387207, "passed": true}, "11": {"execution_time": 0.2688479423522949, "passed": true}, "12": {"execution_time": 0.27086496353149414, "passed": true}, "13": {"execution_time": 0.3048253059387207, "passed": true}, "14": {"execution_time": 0.24672222137451172, "passed": true}, "15": {"execution_time": 0.26889538764953613, "passed": true}, "16": {"execution_time": 0.26384758949279785, "passed": true}, "17": {"execution_time": 0.3148531913757324, "passed": true}, "18": {"execution_time": 0.29498863220214844, "passed": true}, "19": {"execution_time": 0.32387566566467285, "passed": true}, "20": {"execution_time": 0.31687068939208984, "passed": true}, "21": {"execution_time": 0.27187180519104004, "passed": true}, "22": {"execution_time": 0.35383129119873047, "passed": true}, "23": {"execution_time": 0.35083818435668945, "passed": true}}}, "check_style_score": "1/1"}