{"version": "1", "message": "ERROR: Hidden Testcases server unreachable.", "problem_id": "ads2_m2_a1_1", "user_id": "tezasrivishnu", "score": {"sample": {"0": {"execution_time": 0.2692410945892334, "passed": true}, "1": {"execution_time": 0.2535512447357178, "passed": true}, "2": {"execution_time": 0.22256755828857422, "passed": false}, "3": {"execution_time": 0.25364041328430176, "passed": true}, "4": {"execution_time": 0.2380368709564209, "passed": true}, "5": {"execution_time": 0.24732160568237305, "passed": true}, "6": {"execution_time": 0.23792433738708496, "passed": true}, "7": {"execution_time": 0.24710869789123535, "passed": true}, "8": {"execution_time": 0.2437596321105957, "passed": true}, "9": {"execution_time": 0.2523655891418457, "passed": true}, "10": {"execution_time": 0.23171377182006836, "passed": true}, "11": {"execution_time": 0.23142027854919434, "passed": true}, "12": {"execution_time": 0.2532508373260498, "passed": true}, "13": {"execution_time": 0.3003823757171631, "passed": true}, "14": {"execution_time": 0.22779488563537598, "passed": true}, "15": {"execution_time": 0.3003723621368408, "passed": true}, "16": {"execution_time": 0.3160877227783203, "passed": true}, "17": {"execution_time": 0.30719685554504395, "passed": true}, "18": {"execution_time": 0.32111644744873047, "passed": true}, "19": {"execution_time": 0.31969594955444336, "passed": true}, "20": {"execution_time": 0.369365930557251, "passed": true}, "21": {"execution_time": 0.24450421333312988, "passed": true}, "22": {"execution_time": 0.3540382385253906, "passed": true}, "23": {"execution_time": 0.34995079040527344, "passed": true}}}, "check_style_score": "0/1"}