{"version": "1", "message": "ERROR: Hidden Testcases server unreachable.", "problem_id": "ads2_m2_a1_1", "user_id": "tezasrivishnu", "score": {"sample": {"0": {"execution_time": 0.30077028274536133, "passed": true}, "1": {"execution_time": 0.25382399559020996, "passed": true}, "2": {"execution_time": 0.24721002578735352, "passed": true}, "3": {"execution_time": 0.25350308418273926, "passed": true}, "4": {"execution_time": 0.23165249824523926, "passed": true}, "5": {"execution_time": 0.2626028060913086, "passed": true}, "6": {"execution_time": 0.23782992362976074, "passed": true}, "7": {"execution_time": 0.2535877227783203, "passed": true}, "8": {"execution_time": 0.23186969757080078, "passed": true}, "9": {"execution_time": 0.2540247440338135, "passed": true}, "10": {"execution_time": 0.23987722396850586, "passed": true}, "11": {"execution_time": 0.26282787322998047, "passed": true}, "12": {"execution_time": 0.23805904388427734, "passed": true}, "13": {"execution_time": 0.24789714813232422, "passed": true}, "14": {"execution_time": 0.23132777214050293, "passed": true}, "15": {"execution_time": 0.30018067359924316, "passed": true}, "16": {"execution_time": 0.30695033073425293, "passed": true}, "17": {"execution_time": 0.3064863681793213, "passed": true}, "18": {"execution_time": 0.35343265533447266, "passed": true}, "19": {"execution_time": 0.38561081886291504, "passed": true}, "20": {"execution_time": 0.33788633346557617, "passed": true}, "21": {"execution_time": 0.2472212314605713, "passed": true}, "22": {"execution_time": 0.35333681106567383, "passed": true}, "23": {"execution_time": 0.48050951957702637, "passed": true}}}, "check_style_score": "1/1"}