{"version": "1", "message": "ERROR: Hidden Testcases server unreachable.", "problem_id": "ads2_m2_a1_1", "user_id": "tezasrivishnu", "score": {"sample": {"0": {"execution_time": 0.36379170417785645, "passed": true}, "1": {"execution_time": 0.304823637008667, "passed": true}, "2": {"execution_time": 0.3068256378173828, "passed": true}, "3": {"execution_time": 0.2910776138305664, "passed": true}, "4": {"execution_time": 0.4747292995452881, "passed": true}, "5": {"execution_time": 0.3429419994354248, "passed": true}, "6": {"execution_time": 0.3158450126647949, "passed": true}, "7": {"execution_time": 0.30800771713256836, "passed": true}, "8": {"execution_time": 0.2611515522003174, "passed": true}, "9": {"execution_time": 0.24693870544433594, "passed": true}, "10": {"execution_time": 0.24160385131835938, "passed": true}, "11": {"execution_time": 0.25993800163269043, "passed": true}, "12": {"execution_time": 0.24689364433288574, "passed": true}, "13": {"execution_time": 0.25548315048217773, "passed": true}, "14": {"execution_time": 0.24626755714416504, "passed": true}, "15": {"execution_time": 0.2753031253814697, "passed": true}, "16": {"execution_time": 0.2688450813293457, "passed": true}, "17": {"execution_time": 0.32184648513793945, "passed": true}, "18": {"execution_time": 0.2921485900878906, "passed": true}, "19": {"execution_time": 0.3188478946685791, "passed": true}, "20": {"execution_time": 0.3797786235809326, "passed": true}, "21": {"execution_time": 0.28783321380615234, "passed": true}, "22": {"execution_time": 0.35172152519226074, "passed": true}, "23": {"execution_time": 0.3481006622314453, "passed": true}}}, "check_style_score": "1/1"}