{"version": "1", "message": "ERROR: Hidden Testcases server unreachable.", "problem_id": "ads2_m2_a1_1", "user_id": "tezasrivishnu", "score": {"sample": {"0": {"execution_time": 0.3152174949645996, "passed": true}, "1": {"execution_time": 0.28509092330932617, "passed": true}, "2": {"execution_time": 0.2380366325378418, "passed": true}, "3": {"execution_time": 0.23186254501342773, "passed": true}, "4": {"execution_time": 0.23182153701782227, "passed": true}, "5": {"execution_time": 0.41660451889038086, "passed": true}, "6": {"execution_time": 0.28499865531921387, "passed": true}, "7": {"execution_time": 0.2979292869567871, "passed": true}, "8": {"execution_time": 0.3851604461669922, "passed": true}, "9": {"execution_time": 0.24668097496032715, "passed": true}, "10": {"execution_time": 0.25397300720214844, "passed": true}, "11": {"execution_time": 0.3482644557952881, "passed": true}, "12": {"execution_time": 0.29833483695983887, "passed": true}, "13": {"execution_time": 0.3378772735595703, "passed": true}, "14": {"execution_time": 0.2771728038787842, "passed": true}, "15": {"execution_time": 0.2661144733428955, "passed": true}, "16": {"execution_time": 0.2542562484741211, "passed": true}, "17": {"execution_time": 0.3316476345062256, "passed": true}, "18": {"execution_time": 0.5167536735534668, "passed": true}, "19": {"execution_time": 0.45091795921325684, "passed": true}, "20": {"execution_time": 0.3874828815460205, "passed": true}, "21": {"execution_time": 0.25554680824279785, "passed": true}, "22": {"execution_time": 0.4242427349090576, "passed": true}, "23": {"execution_time": 0.33814406394958496, "passed": true}}}, "check_style_score": "1/1"}