{"version": "1", "message": "ERROR: Hidden Testcases server unreachable.", "problem_id": "ads2_m2_a1_1", "user_id": "tezasrivishnu", "score": {"sample": {"0": {"execution_time": 0.2529270648956299, "passed": true}, "1": {"execution_time": 0.33281493186950684, "passed": true}, "2": {"execution_time": 0.3006870746612549, "passed": true}, "3": {"execution_time": 0.2427196502685547, "passed": true}, "4": {"execution_time": 0.253589391708374, "passed": true}, "5": {"execution_time": 0.23829317092895508, "passed": true}, "6": {"execution_time": 0.2631990909576416, "passed": true}, "7": {"execution_time": 0.347766637802124, "passed": true}, "8": {"execution_time": 0.23183083534240723, "passed": true}, "9": {"execution_time": 0.3007073402404785, "passed": true}, "10": {"execution_time": 0.263077974319458, "passed": true}, "11": {"execution_time": 0.3441030979156494, "passed": true}, "12": {"execution_time": 0.2939765453338623, "passed": true}, "13": {"execution_time": 0.24210524559020996, "passed": true}, "14": {"execution_time": 0.28439927101135254, "passed": true}, "15": {"execution_time": 0.25550293922424316, "passed": true}, "16": {"execution_time": 0.3005530834197998, "passed": true}, "17": {"execution_time": 0.29913783073425293, "passed": true}, "18": {"execution_time": 0.4480726718902588, "passed": true}, "19": {"execution_time": 0.30564379692077637, "passed": true}, "20": {"execution_time": 0.3318045139312744, "passed": true}, "21": {"execution_time": 0.25373291969299316, "passed": true}, "22": {"execution_time": 0.36946535110473633, "passed": true}, "23": {"execution_time": 0.3520622253417969, "passed": true}}}, "check_style_score": "1/1"}