{"version": "1", "message": "ERROR: Hidden Testcases server unreachable.", "problem_id": "ads2_m2_a1_1", "user_id": "tezasrivishnu", "score": {"sample": {"0": {"execution_time": 0.2868368625640869, "passed": false}, "1": {"execution_time": 0.27384281158447266, "passed": false}, "2": {"execution_time": 0.33986473083496094, "passed": false}, "3": {"execution_time": 0.2878735065460205, "passed": false}, "4": {"execution_time": 0.3148181438446045, "passed": false}, "5": {"execution_time": 0.2868366241455078, "passed": false}, "6": {"execution_time": 0.2728416919708252, "passed": false}, "7": {"execution_time": 0.28983521461486816, "passed": false}, "8": {"execution_time": 0.28484463691711426, "passed": false}, "9": {"execution_time": 0.2768399715423584, "passed": false}, "10": {"execution_time": 0.29184961318969727, "passed": false}, "11": {"execution_time": 0.28886866569519043, "passed": false}, "12": {"execution_time": 0.2751493453979492, "passed": false}, "13": {"execution_time": 0.3148198127746582, "passed": false}, "14": {"execution_time": 0.2808382511138916, "passed": false}, "15": {"execution_time": 0.2788670063018799, "passed": false}, "16": {"execution_time": 0.2928333282470703, "passed": false}, "17": {"execution_time": 0.325838565826416, "passed": false}, "18": {"execution_time": 0.399979829788208, "passed": false}, "19": {"execution_time": 0.4882338047027588, "passed": false}, "20": {"execution_time": 0.27984046936035156, "passed": false}, "21": {"execution_time": 0.286834716796875, "passed": false}, "22": {"execution_time": 0.45273780822753906, "passed": false}, "23": {"execution_time": 0.27384305000305176, "passed": false}}}, "check_style_score": "1/1"}