{"version": "1", "message": "ERROR: Hidden Testcases server unreachable.", "problem_id": "ads2_m2_a1_1", "user_id": "tezasrivishnu", "score": {"sample": {"0": {"execution_time": 0.4047672748565674, "passed": true}, "1": {"execution_time": 0.30682373046875, "passed": true}, "2": {"execution_time": 0.2838597297668457, "passed": true}, "3": {"execution_time": 0.29282546043395996, "passed": true}, "4": {"execution_time": 0.27784061431884766, "passed": true}, "5": {"execution_time": 0.3488011360168457, "passed": true}, "6": {"execution_time": 0.30182647705078125, "passed": true}, "7": {"execution_time": 0.5286991596221924, "passed": true}, "8": {"execution_time": 0.3947739601135254, "passed": true}, "9": {"execution_time": 0.3797781467437744, "passed": true}, "10": {"execution_time": 0.36179256439208984, "passed": true}, "11": {"execution_time": 0.39777207374572754, "passed": true}, "12": {"execution_time": 0.2848362922668457, "passed": true}, "13": {"execution_time": 0.34979939460754395, "passed": true}, "14": {"execution_time": 0.28199148178100586, "passed": true}, "15": {"execution_time": 0.3121182918548584, "passed": true}, "16": {"execution_time": 0.32584547996520996, "passed": true}, "17": {"execution_time": 0.3719804286956787, "passed": true}, "18": {"execution_time": 0.33183717727661133, "passed": true}, "19": {"execution_time": 0.3400304317474365, "passed": true}, "20": {"execution_time": 0.39037370681762695, "passed": true}, "21": {"execution_time": 0.40609121322631836, "passed": true}, "22": {"execution_time": 0.4627366065979004, "passed": true}, "23": {"execution_time": 0.4427921772003174, "passed": true}}}, "check_style_score": "1/1"}