{"version": "1", "message": "ERROR: Hidden Testcases server unreachable.", "problem_id": "ads2_m2_a1_1", "user_id": "tezasrivishnu", "score": {"sample": {"0": {"execution_time": 0.3867940902709961, "passed": false}, "1": {"execution_time": 0.2608523368835449, "passed": false}, "2": {"execution_time": 0.25985074043273926, "passed": false}, "3": {"execution_time": 0.2480473518371582, "passed": false}, "4": {"execution_time": 0.2648735046386719, "passed": false}, "5": {"execution_time": 0.3108186721801758, "passed": false}, "6": {"execution_time": 0.28684329986572266, "passed": false}, "7": {"execution_time": 0.3108229637145996, "passed": false}, "8": {"execution_time": 0.3217201232910156, "passed": false}, "9": {"execution_time": 0.2968330383300781, "passed": false}, "10": {"execution_time": 0.2888355255126953, "passed": false}, "11": {"execution_time": 0.2898368835449219, "passed": false}, "12": {"execution_time": 0.2828381061553955, "passed": false}, "13": {"execution_time": 0.3058481216430664, "passed": false}, "14": {"execution_time": 0.3358151912689209, "passed": false}, "15": {"execution_time": 0.2968313694000244, "passed": false}, "16": {"execution_time": 0.2858607769012451, "passed": false}, "17": {"execution_time": 0.29383349418640137, "passed": false}, "18": {"execution_time": 0.2858278751373291, "passed": false}, "19": {"execution_time": 0.49072933197021484, "passed": false}, "20": {"execution_time": 0.4102778434753418, "passed": false}, "21": {"execution_time": 0.2998337745666504, "passed": false}, "22": {"execution_time": 0.2917501926422119, "passed": false}, "23": {"execution_time": 0.27777838706970215, "passed": false}}}, "check_style_score": "1/1"}