{"version": "1", "message": "ERROR: Hidden Testcases server unreachable.", "problem_id": "ads2_m2_a1_1", "user_id": "tezasrivishnu", "score": {"sample": {"0": {"execution_time": 0.33187222480773926, "passed": true}, "1": {"execution_time": 0.36958837509155273, "passed": true}, "2": {"execution_time": 0.23792171478271484, "passed": true}, "3": {"execution_time": 0.3604605197906494, "passed": true}, "4": {"execution_time": 0.24614715576171875, "passed": true}, "5": {"execution_time": 0.23798537254333496, "passed": true}, "6": {"execution_time": 0.23144078254699707, "passed": true}, "7": {"execution_time": 0.26912593841552734, "passed": true}, "8": {"execution_time": 0.2380986213684082, "passed": true}, "9": {"execution_time": 0.2844662666320801, "passed": true}, "10": {"execution_time": 0.23822426795959473, "passed": true}, "11": {"execution_time": 0.28487157821655273, "passed": true}, "12": {"execution_time": 0.24028944969177246, "passed": true}, "13": {"execution_time": 0.25379323959350586, "passed": true}, "14": {"execution_time": 0.2984178066253662, "passed": true}, "15": {"execution_time": 0.2772533893585205, "passed": true}, "16": {"execution_time": 0.30063581466674805, "passed": true}, "17": {"execution_time": 0.3015923500061035, "passed": true}, "18": {"execution_time": 0.3008735179901123, "passed": true}, "19": {"execution_time": 0.33155155181884766, "passed": true}, "20": {"execution_time": 0.36953043937683105, "passed": true}, "21": {"execution_time": 0.2537710666656494, "passed": true}, "22": {"execution_time": 0.5231549739837646, "passed": true}, "23": {"execution_time": 0.4387805461883545, "passed": true}}}, "check_style_score": "0/1"}