{"version": "1", "message": "ERROR: Hidden Testcases server unreachable.", "problem_id": "ads2_m2_a1_1", "user_id": "tezasrivishnu", "score": {"sample": {"0": {"execution_time": 0.3448023796081543, "passed": true}, "1": {"execution_time": 0.5546965599060059, "passed": true}, "2": {"execution_time": 0.38077425956726074, "passed": true}, "3": {"execution_time": 0.3488032817840576, "passed": true}, "4": {"execution_time": 0.4927175045013428, "passed": true}, "5": {"execution_time": 0.32981157302856445, "passed": true}, "6": {"execution_time": 0.3348081111907959, "passed": true}, "7": {"execution_time": 0.37178707122802734, "passed": true}, "8": {"execution_time": 0.36579036712646484, "passed": true}, "9": {"execution_time": 0.47272825241088867, "passed": true}, "10": {"execution_time": 0.43175339698791504, "passed": true}, "11": {"execution_time": 0.33780670166015625, "passed": true}, "12": {"execution_time": 0.42375779151916504, "passed": true}, "13": {"execution_time": 0.30582308769226074, "passed": true}, "14": {"execution_time": 0.29583120346069336, "passed": true}, "15": {"execution_time": 0.3117258548736572, "passed": true}, "16": {"execution_time": 0.3348050117492676, "passed": true}, "17": {"execution_time": 0.3647899627685547, "passed": true}, "18": {"execution_time": 0.34734559059143066, "passed": true}, "19": {"execution_time": 0.39680051803588867, "passed": true}, "20": {"execution_time": 0.38078880310058594, "passed": true}, "21": {"execution_time": 0.30098986625671387, "passed": true}, "22": {"execution_time": 0.4437735080718994, "passed": true}, "23": {"execution_time": 0.4137704372406006, "passed": true}}}, "check_style_score": "1/1"}