{"version": "1", "message": "ERROR: Hidden Testcases server unreachable.", "problem_id": "ads2_m2_a1_1", "user_id": "tezasrivishnu", "score": {"sample": {"0": {"execution_time": 0.2769489288330078, "passed": true}, "1": {"execution_time": 0.24685907363891602, "passed": true}, "2": {"execution_time": 0.24185967445373535, "passed": true}, "3": {"execution_time": 0.2498798370361328, "passed": true}, "4": {"execution_time": 0.23786544799804688, "passed": true}, "5": {"execution_time": 0.24785828590393066, "passed": true}, "6": {"execution_time": 0.24186277389526367, "passed": true}, "7": {"execution_time": 0.24888324737548828, "passed": true}, "8": {"execution_time": 0.23692798614501953, "passed": true}, "9": {"execution_time": 0.24286103248596191, "passed": true}, "10": {"execution_time": 0.24386048316955566, "passed": true}, "11": {"execution_time": 0.24885845184326172, "passed": true}, "12": {"execution_time": 0.2408139705657959, "passed": true}, "13": {"execution_time": 0.2608511447906494, "passed": true}, "14": {"execution_time": 0.25788426399230957, "passed": true}, "15": {"execution_time": 0.5117204189300537, "passed": true}, "16": {"execution_time": 0.32326412200927734, "passed": true}, "17": {"execution_time": 0.36934351921081543, "passed": true}, "18": {"execution_time": 0.3403449058532715, "passed": true}, "19": {"execution_time": 0.38132333755493164, "passed": true}, "20": {"execution_time": 0.40419602394104004, "passed": true}, "21": {"execution_time": 0.29583024978637695, "passed": true}, "22": {"execution_time": 0.4807393550872803, "passed": true}, "23": {"execution_time": 0.4121558666229248, "passed": true}}}, "check_style_score": "1/1"}