{"version": "1", "message": "ERROR: Hidden Testcases server unreachable.", "problem_id": "ads2_m2_a1_1", "user_id": "tezasrivishnu", "score": {"sample": {"0": {"execution_time": 0.2850966453552246, "passed": true}, "1": {"execution_time": 0.2851896286010742, "passed": true}, "2": {"execution_time": 0.24750494956970215, "passed": true}, "3": {"execution_time": 0.2535529136657715, "passed": true}, "4": {"execution_time": 0.25366783142089844, "passed": true}, "5": {"execution_time": 0.23805546760559082, "passed": true}, "6": {"execution_time": 0.2536778450012207, "passed": true}, "7": {"execution_time": 0.31642603874206543, "passed": true}, "8": {"execution_time": 0.27826857566833496, "passed": true}, "9": {"execution_time": 0.4047665596008301, "passed": true}, "10": {"execution_time": 0.2783334255218506, "passed": true}, "11": {"execution_time": 0.32505130767822266, "passed": true}, "12": {"execution_time": 0.24729204177856445, "passed": true}, "13": {"execution_time": 0.26274561882019043, "passed": true}, "14": {"execution_time": 0.23799467086791992, "passed": true}, "15": {"execution_time": 0.2692699432373047, "passed": true}, "16": {"execution_time": 0.26960182189941406, "passed": true}, "17": {"execution_time": 0.3227412700653076, "passed": true}, "18": {"execution_time": 0.3005211353302002, "passed": true}, "19": {"execution_time": 0.3318030834197998, "passed": true}, "20": {"execution_time": 0.3385918140411377, "passed": true}, "21": {"execution_time": 0.2404036521911621, "passed": true}, "22": {"execution_time": 0.3383300304412842, "passed": true}, "23": {"execution_time": 0.3537180423736572, "passed": true}}}, "check_style_score": "0/1"}