{"version": "1", "message": "ERROR: Hidden Testcases server unreachable.", "problem_id": "ads2_m2_a1_1", "user_id": "tezasrivishnu", "score": {"sample": {"0": {"execution_time": 0.4736464023590088, "passed": true}, "1": {"execution_time": 0.40177083015441895, "passed": true}, "2": {"execution_time": 0.31592369079589844, "passed": true}, "3": {"execution_time": 0.2751142978668213, "passed": true}, "4": {"execution_time": 0.28183889389038086, "passed": true}, "5": {"execution_time": 0.27384305000305176, "passed": true}, "6": {"execution_time": 0.2768435478210449, "passed": true}, "7": {"execution_time": 0.2768399715423584, "passed": true}, "8": {"execution_time": 0.2812669277191162, "passed": true}, "9": {"execution_time": 0.2818639278411865, "passed": true}, "10": {"execution_time": 0.298830509185791, "passed": true}, "11": {"execution_time": 0.273867130279541, "passed": true}, "12": {"execution_time": 0.28885841369628906, "passed": true}, "13": {"execution_time": 0.27983808517456055, "passed": true}, "14": {"execution_time": 0.29183387756347656, "passed": true}, "15": {"execution_time": 0.3248405456542969, "passed": true}, "16": {"execution_time": 0.31684350967407227, "passed": true}, "17": {"execution_time": 0.4017930030822754, "passed": true}, "18": {"execution_time": 0.34980034828186035, "passed": true}, "19": {"execution_time": 0.3635861873626709, "passed": true}, "20": {"execution_time": 0.39813661575317383, "passed": true}, "21": {"execution_time": 0.2868812084197998, "passed": true}, "22": {"execution_time": 0.4236290454864502, "passed": true}, "23": {"execution_time": 0.4257626533508301, "passed": true}}}, "check_style_score": "1/1"}