{"version": "1", "message": "ERROR: Hidden Testcases server unreachable.", "problem_id": "ads2_m2_a1_1", "user_id": "tezasrivishnu", "score": {"sample": {"0": {"execution_time": 0.3625335693359375, "passed": true}, "1": {"execution_time": 0.27583909034729004, "passed": true}, "2": {"execution_time": 0.2888374328613281, "passed": false}, "3": {"execution_time": 0.2568535804748535, "passed": true}, "4": {"execution_time": 0.2768425941467285, "passed": true}, "5": {"execution_time": 0.3108227252960205, "passed": true}, "6": {"execution_time": 0.3188178539276123, "passed": true}, "7": {"execution_time": 0.26382899284362793, "passed": true}, "8": {"execution_time": 0.26306653022766113, "passed": true}, "9": {"execution_time": 0.2648472785949707, "passed": true}, "10": {"execution_time": 0.2588496208190918, "passed": true}, "11": {"execution_time": 0.27269649505615234, "passed": true}, "12": {"execution_time": 0.2588765621185303, "passed": true}, "13": {"execution_time": 0.26984453201293945, "passed": true}, "14": {"execution_time": 0.2618753910064697, "passed": true}, "15": {"execution_time": 0.40976524353027344, "passed": true}, "16": {"execution_time": 0.2639904022216797, "passed": true}, "17": {"execution_time": 0.3258397579193115, "passed": true}, "18": {"execution_time": 0.29486608505249023, "passed": true}, "19": {"execution_time": 0.3248271942138672, "passed": true}, "20": {"execution_time": 0.33187031745910645, "passed": true}, "21": {"execution_time": 0.24875903129577637, "passed": true}, "22": {"execution_time": 0.358823299407959, "passed": true}, "23": {"execution_time": 0.37027645111083984, "passed": true}}}, "check_style_score": "0/1"}