{"version": "1", "message": "ERROR: Hidden Testcases server unreachable.", "problem_id": "ads2_m2_a1_1", "user_id": "tezasrivishnu", "score": {"sample": {"0": {"execution_time": 0.33182740211486816, "passed": false}, "1": {"execution_time": 0.40439391136169434, "passed": false}, "2": {"execution_time": 0.25350475311279297, "passed": false}, "3": {"execution_time": 0.2535383701324463, "passed": false}, "4": {"execution_time": 0.23806428909301758, "passed": false}, "5": {"execution_time": 0.32723474502563477, "passed": false}, "6": {"execution_time": 0.23161554336547852, "passed": false}, "7": {"execution_time": 0.2358872890472412, "passed": false}, "8": {"execution_time": 0.3007941246032715, "passed": false}, "9": {"execution_time": 0.2471020221710205, "passed": false}, "10": {"execution_time": 0.2265169620513916, "passed": false}, "11": {"execution_time": 0.2663121223449707, "passed": false}, "12": {"execution_time": 0.22883296012878418, "passed": false}, "13": {"execution_time": 0.25332021713256836, "passed": false}, "14": {"execution_time": 0.3316769599914551, "passed": false}, "15": {"execution_time": 0.3224666118621826, "passed": false}, "16": {"execution_time": 0.26677513122558594, "passed": false}, "17": {"execution_time": 0.49243855476379395, "passed": false}, "18": {"execution_time": 0.3579747676849365, "passed": false}, "19": {"execution_time": 0.32892847061157227, "passed": false}, "20": {"execution_time": 0.34885478019714355, "passed": false}, "21": {"execution_time": 0.23727703094482422, "passed": false}, "22": {"execution_time": 0.35379695892333984, "passed": false}, "23": {"execution_time": 0.5543005466461182, "passed": false}}}, "check_style_score": "1/1"}