{"version": "1", "message": "ERROR: Hidden Testcases server unreachable.", "problem_id": "ads2_m2_a1_1", "user_id": "tezasrivishnu", "score": {"sample": {"0": {"execution_time": 0.3817107677459717, "passed": true}, "1": {"execution_time": 0.28984832763671875, "passed": true}, "2": {"execution_time": 0.28783488273620605, "passed": true}, "3": {"execution_time": 0.2798466682434082, "passed": true}, "4": {"execution_time": 0.27584218978881836, "passed": true}, "5": {"execution_time": 0.28183913230895996, "passed": true}, "6": {"execution_time": 0.27783918380737305, "passed": true}, "7": {"execution_time": 0.27484130859375, "passed": true}, "8": {"execution_time": 0.27457356452941895, "passed": true}, "9": {"execution_time": 0.2858707904815674, "passed": true}, "10": {"execution_time": 0.27184414863586426, "passed": true}, "11": {"execution_time": 0.2888355255126953, "passed": true}, "12": {"execution_time": 0.2908341884613037, "passed": true}, "13": {"execution_time": 0.27985501289367676, "passed": true}, "14": {"execution_time": 0.28295207023620605, "passed": true}, "15": {"execution_time": 0.2969205379486084, "passed": true}, "16": {"execution_time": 0.3904564380645752, "passed": true}, "17": {"execution_time": 0.3798089027404785, "passed": true}, "18": {"execution_time": 0.33983850479125977, "passed": true}, "19": {"execution_time": 0.38881516456604004, "passed": true}, "20": {"execution_time": 0.4017817974090576, "passed": true}, "21": {"execution_time": 0.2868361473083496, "passed": true}, "22": {"execution_time": 0.42775392532348633, "passed": true}, "23": {"execution_time": 0.4347505569458008, "passed": true}}}, "check_style_score": "1/1"}