{"version": "1", "message": "ERROR: Hidden Testcases server unreachable.", "problem_id": "ads2_m16_a1_1", "user_id": "tezasrivishnu", "score": {"sample": {"0": {"execution_time": 0.45615553855895996, "passed": true}, "1": {"execution_time": 0.4319288730621338, "passed": true}, "2": {"execution_time": 0.9712874889373779, "passed": true}, "3": {"execution_time": 0.9394681453704834, "passed": true}, "4": {"execution_time": 0.9803595542907715, "passed": true}, "5": {"execution_time": 0.9335196018218994, "passed": true}, "6": {"execution_time": 0.9556028842926025, "passed": true}, "7": {"execution_time": 0.9399628639221191, "passed": true}, "8": {"execution_time": 0.5891048908233643, "passed": true}, "9": {"execution_time": 0.9330697059631348, "passed": true}, "10": {"execution_time": 0.9807889461517334, "passed": true}, "11": {"execution_time": 6.069213151931763, "passed": true}, "12": {"execution_time": 0.9556612968444824, "passed": true}, "13": {"execution_time": 0.40042996406555176, "passed": true}, "14": {"execution_time": 0.9243574142456055, "passed": true}, "15": {"execution_time": 1.024610996246338, "passed": true}, "16": {"execution_time": 0.5319159030914307, "passed": true}, "17": {"execution_time": 0.500910758972168, "passed": true}, "18": {"execution_time": 0.5013844966888428, "passed": true}, "19": {"execution_time": 0.6011819839477539, "passed": true}, "20": {"execution_time": 0.6779427528381348, "passed": true}, "21": {"execution_time": 0.6193785667419434, "passed": true}, "22": {"execution_time": 0.5324892997741699, "passed": true}, "23": {"execution_time": 0.5570068359375, "passed": true}, "24": {"execution_time": 0.34760594367980957, "passed": true}, "25": {"execution_time": 1.1711363792419434, "passed": true}, "26": {"execution_time": 0.918057918548584, "passed": true}, "27": {"execution_time": 1.2028563022613525, "passed": true}, "28": {"execution_time": 1.691746711730957, "passed": true}, "29": {"execution_time": 0.2844579219818115, "passed": true}}}, "check_style_score": "0/1"}