{"version": "1", "message": "ERROR: Hidden Testcases server unreachable.", "problem_id": "ads2_m16_a1_1", "user_id": "tezasrivishnu", "score": {"sample": {"0": {"execution_time": 2.9732847213745117, "passed": true}, "1": {"execution_time": 3.115248203277588, "passed": true}, "2": {"execution_time": 3.7258734703063965, "passed": true}, "3": {"execution_time": 3.9884915351867676, "passed": true}, "4": {"execution_time": 3.853921413421631, "passed": true}, "5": {"execution_time": 4.125500440597534, "passed": true}, "6": {"execution_time": 3.5439467430114746, "passed": true}, "7": {"execution_time": 3.834803581237793, "passed": true}, "8": {"execution_time": 3.49923038482666, "passed": true}, "9": {"execution_time": 1.0555543899536133, "passed": true}, "10": {"execution_time": 1.035473346710205, "passed": true}, "11": {"execution_time": 4.173241138458252, "passed": true}, "12": {"execution_time": 4.195552825927734, "passed": true}, "13": {"execution_time": 2.8186392784118652, "passed": true}, "14": {"execution_time": 1.2586159706115723, "passed": true}, "15": {"execution_time": 10.161998271942139, "passed": false}, "16": {"execution_time": 3.134120225906372, "passed": true}, "17": {"execution_time": 3.9002745151519775, "passed": true}, "18": {"execution_time": 3.514382839202881, "passed": true}, "19": {"execution_time": 10.112978219985962, "passed": false}, "20": {"execution_time": 10.093029975891113, "passed": false}, "21": {"execution_time": 0.6009876728057861, "passed": true}, "22": {"execution_time": 0.7549610137939453, "passed": true}, "23": {"execution_time": 10.079845190048218, "passed": false}, "24": {"execution_time": 2.5128273963928223, "passed": true}, "25": {"execution_time": 10.09747862815857, "passed": false}, "26": {"execution_time": 10.107233047485352, "passed": false}, "27": {"execution_time": 10.1026291847229, "passed": false}, "28": {"execution_time": 10.123334169387817, "passed": false}, "29": {"execution_time": 0.5576114654541016, "passed": false}}}, "check_style_score": "0/1"}