{"version": "1", "message": "ERROR: Hidden Testcases server unreachable.", "problem_id": "ads2_m16_a1_1", "user_id": "tezasrivishnu", "score": {"sample": {"0": {"execution_time": 0.42589735984802246, "passed": true}, "1": {"execution_time": 0.5169451236724854, "passed": true}, "2": {"execution_time": 1.889798641204834, "passed": true}, "3": {"execution_time": 2.1359469890594482, "passed": true}, "4": {"execution_time": 1.122025728225708, "passed": true}, "5": {"execution_time": 0.9643721580505371, "passed": true}, "6": {"execution_time": 0.9397602081298828, "passed": true}, "7": {"execution_time": 0.9761879444122314, "passed": true}, "8": {"execution_time": 0.5324974060058594, "passed": true}, "9": {"execution_time": 0.9534344673156738, "passed": true}, "10": {"execution_time": 0.8910911083221436, "passed": true}, "11": {"execution_time": 6.0717456340789795, "passed": true}, "12": {"execution_time": 0.9557580947875977, "passed": true}, "13": {"execution_time": 0.5091934204101562, "passed": true}, "14": {"execution_time": 1.2337465286254883, "passed": true}, "15": {"execution_time": 1.2411298751831055, "passed": true}, "16": {"execution_time": 0.48570847511291504, "passed": true}, "17": {"execution_time": 0.5105321407318115, "passed": true}, "18": {"execution_time": 0.5242547988891602, "passed": true}, "19": {"execution_time": 0.5447342395782471, "passed": true}, "20": {"execution_time": 0.7502467632293701, "passed": true}, "21": {"execution_time": 0.5030381679534912, "passed": true}, "22": {"execution_time": 0.5797216892242432, "passed": true}, "23": {"execution_time": 0.7365787029266357, "passed": true}, "24": {"execution_time": 0.4801952838897705, "passed": true}, "25": {"execution_time": 1.3707160949707031, "passed": true}, "26": {"execution_time": 1.1459527015686035, "passed": true}, "27": {"execution_time": 1.1585619449615479, "passed": true}, "28": {"execution_time": 1.6800847053527832, "passed": true}, "29": {"execution_time": 0.3040347099304199, "passed": true}}}, "check_style_score": "1/1"}