{"version": "1", "message": "ERROR: Hidden Testcases server unreachable.", "problem_id": "ads2_m16_a1_1", "user_id": "tezasrivishnu", "score": {"sample": {"0": {"execution_time": 0.6189091205596924, "passed": true}, "1": {"execution_time": 0.4857337474822998, "passed": true}, "2": {"execution_time": 0.9672131538391113, "passed": true}, "3": {"execution_time": 0.924220085144043, "passed": true}, "4": {"execution_time": 0.9553980827331543, "passed": true}, "5": {"execution_time": 0.9178929328918457, "passed": true}, "6": {"execution_time": 1.0948610305786133, "passed": true}, "7": {"execution_time": 0.9491851329803467, "passed": true}, "8": {"execution_time": 0.5422501564025879, "passed": true}, "9": {"execution_time": 0.9492995738983154, "passed": true}, "10": {"execution_time": 0.9022951126098633, "passed": true}, "11": {"execution_time": 6.0032243728637695, "passed": true}, "12": {"execution_time": 0.9867687225341797, "passed": true}, "13": {"execution_time": 0.432309627532959, "passed": true}, "14": {"execution_time": 0.9177858829498291, "passed": true}, "15": {"execution_time": 0.9644608497619629, "passed": true}, "16": {"execution_time": 0.5011105537414551, "passed": true}, "17": {"execution_time": 0.5165348052978516, "passed": true}, "18": {"execution_time": 0.6016309261322021, "passed": true}, "19": {"execution_time": 0.5857870578765869, "passed": true}, "20": {"execution_time": 0.6326324939727783, "passed": true}, "21": {"execution_time": 0.522862434387207, "passed": true}, "22": {"execution_time": 0.6011536121368408, "passed": true}, "23": {"execution_time": 0.5547914505004883, "passed": true}, "24": {"execution_time": 0.36945652961730957, "passed": true}, "25": {"execution_time": 1.1181137561798096, "passed": true}, "26": {"execution_time": 0.9176106452941895, "passed": true}, "27": {"execution_time": 1.1716711521148682, "passed": true}, "28": {"execution_time": 1.6416370868682861, "passed": true}, "29": {"execution_time": 0.38533830642700195, "passed": false}}}, "check_style_score": "0/1"}