{"version": "1", "message": "ERROR: Hidden Testcases server unreachable.", "problem_id": "ads2_m16_a1_1", "user_id": "tezasrivishnu", "score": {"sample": {"0": {"execution_time": 0.5010192394256592, "passed": false}, "1": {"execution_time": 0.5857059955596924, "passed": false}, "2": {"execution_time": 1.064415693283081, "passed": false}, "3": {"execution_time": 1.0679895877838135, "passed": false}, "4": {"execution_time": 0.9394843578338623, "passed": false}, "5": {"execution_time": 1.0182116031646729, "passed": false}, "6": {"execution_time": 1.0086710453033447, "passed": false}, "7": {"execution_time": 1.04913330078125, "passed": false}, "8": {"execution_time": 0.8491659164428711, "passed": false}, "9": {"execution_time": 1.0805079936981201, "passed": false}, "10": {"execution_time": 1.0159969329833984, "passed": false}, "11": {"execution_time": 6.26904034614563, "passed": true}, "12": {"execution_time": 1.1869573593139648, "passed": false}, "13": {"execution_time": 0.5858433246612549, "passed": true}, "14": {"execution_time": 1.173917531967163, "passed": false}, "15": {"execution_time": 1.0196726322174072, "passed": false}, "16": {"execution_time": 0.5810835361480713, "passed": false}, "17": {"execution_time": 0.6855583190917969, "passed": false}, "18": {"execution_time": 0.6324255466461182, "passed": false}, "19": {"execution_time": 0.6008496284484863, "passed": false}, "20": {"execution_time": 0.7759697437286377, "passed": false}, "21": {"execution_time": 0.6324326992034912, "passed": false}, "22": {"execution_time": 0.6165359020233154, "passed": false}, "23": {"execution_time": 0.8018863201141357, "passed": false}, "24": {"execution_time": 0.4856376647949219, "passed": true}, "25": {"execution_time": 1.2181921005249023, "passed": false}, "26": {"execution_time": 0.8335039615631104, "passed": false}, "27": {"execution_time": 1.3707971572875977, "passed": false}, "28": {"execution_time": 1.7264833450317383, "passed": false}, "29": {"execution_time": 0.43221116065979004, "passed": false}}}, "check_style_score": "0/1"}