{"version": "1", "message": "ERROR: Hidden Testcases server unreachable.", "problem_id": "ads2_m16_a1_1", "user_id": "tezasrivishnu", "score": {"sample": {"0": {"execution_time": 0.47694849967956543, "passed": true}, "1": {"execution_time": 0.4558408260345459, "passed": true}, "2": {"execution_time": 0.9551351070404053, "passed": true}, "3": {"execution_time": 1.0356202125549316, "passed": true}, "4": {"execution_time": 0.9856142997741699, "passed": true}, "5": {"execution_time": 0.9316239356994629, "passed": true}, "6": {"execution_time": 1.1213643550872803, "passed": true}, "7": {"execution_time": 1.075120210647583, "passed": true}, "8": {"execution_time": 0.6552674770355225, "passed": true}, "9": {"execution_time": 0.9328951835632324, "passed": true}, "10": {"execution_time": 0.9551537036895752, "passed": true}, "11": {"execution_time": 5.8362345695495605, "passed": true}, "12": {"execution_time": 1.2283031940460205, "passed": true}, "13": {"execution_time": 0.5264239311218262, "passed": true}, "14": {"execution_time": 1.056342363357544, "passed": true}, "15": {"execution_time": 0.9607017040252686, "passed": true}, "16": {"execution_time": 0.4918632507324219, "passed": true}, "17": {"execution_time": 0.47923803329467773, "passed": true}, "18": {"execution_time": 0.47980809211730957, "passed": true}, "19": {"execution_time": 0.5635426044464111, "passed": true}, "20": {"execution_time": 0.5860328674316406, "passed": true}, "21": {"execution_time": 0.5009355545043945, "passed": true}, "22": {"execution_time": 0.5355730056762695, "passed": true}, "23": {"execution_time": 0.6012630462646484, "passed": true}, "24": {"execution_time": 0.3567690849304199, "passed": true}, "25": {"execution_time": 1.1845524311065674, "passed": true}, "26": {"execution_time": 0.9010586738586426, "passed": true}, "27": {"execution_time": 1.2722511291503906, "passed": true}, "28": {"execution_time": 1.7485897541046143, "passed": true}, "29": {"execution_time": 0.2948439121246338, "passed": true}}}, "check_style_score": "1/1"}