{"version": "1", "message": "ERROR: Hidden Testcases server unreachable.", "problem_id": "ads2_m16_a1_1", "user_id": "tezasrivishnu", "score": {"sample": {"0": {"execution_time": 0.4388387203216553, "passed": true}, "1": {"execution_time": 0.4320647716522217, "passed": true}, "2": {"execution_time": 0.9400322437286377, "passed": true}, "3": {"execution_time": 0.9430937767028809, "passed": true}, "4": {"execution_time": 0.9527790546417236, "passed": true}, "5": {"execution_time": 0.9798476696014404, "passed": true}, "6": {"execution_time": 1.039862871170044, "passed": true}, "7": {"execution_time": 1.0800702571868896, "passed": true}, "8": {"execution_time": 0.5544092655181885, "passed": true}, "9": {"execution_time": 0.9493923187255859, "passed": true}, "10": {"execution_time": 0.9398345947265625, "passed": true}, "11": {"execution_time": 6.008017063140869, "passed": true}, "12": {"execution_time": 0.9492659568786621, "passed": true}, "13": {"execution_time": 0.4009106159210205, "passed": true}, "14": {"execution_time": 1.1792476177215576, "passed": true}, "15": {"execution_time": 1.080092430114746, "passed": true}, "16": {"execution_time": 0.4853627681732178, "passed": true}, "17": {"execution_time": 0.5634572505950928, "passed": true}, "18": {"execution_time": 0.5549535751342773, "passed": true}, "19": {"execution_time": 0.532473087310791, "passed": true}, "20": {"execution_time": 0.616936206817627, "passed": true}, "21": {"execution_time": 0.501244068145752, "passed": true}, "22": {"execution_time": 0.5322873592376709, "passed": true}, "23": {"execution_time": 0.5325171947479248, "passed": true}, "24": {"execution_time": 0.5009021759033203, "passed": true}, "25": {"execution_time": 1.0401391983032227, "passed": true}, "26": {"execution_time": 0.9024078845977783, "passed": true}, "27": {"execution_time": 1.1649744510650635, "passed": true}, "28": {"execution_time": 1.6708898544311523, "passed": true}, "29": {"execution_time": 0.2850651741027832, "passed": true}}}, "check_style_score": "0/1"}