{"version": "1", "message": "ERROR: Hidden Testcases server unreachable.", "problem_id": "ads2_m16_a1_1", "user_id": "tezasrivishnu", "score": {"sample": {"0": {"execution_time": 2.934394359588623, "passed": true}, "1": {"execution_time": 3.341597080230713, "passed": true}, "2": {"execution_time": 4.065845489501953, "passed": true}, "3": {"execution_time": 4.095171928405762, "passed": true}, "4": {"execution_time": 4.436210870742798, "passed": true}, "5": {"execution_time": 4.466926574707031, "passed": true}, "6": {"execution_time": 4.02264142036438, "passed": true}, "7": {"execution_time": 4.567978143692017, "passed": true}, "8": {"execution_time": 4.325588941574097, "passed": true}, "9": {"execution_time": 1.1547889709472656, "passed": true}, "10": {"execution_time": 1.2229924201965332, "passed": true}, "11": {"execution_time": 4.537880897521973, "passed": true}, "12": {"execution_time": 4.647376775741577, "passed": true}, "13": {"execution_time": 3.0340993404388428, "passed": true}, "14": {"execution_time": 1.028336524963379, "passed": true}, "15": {"execution_time": 10.071739673614502, "passed": false}, "16": {"execution_time": 3.125394582748413, "passed": true}, "17": {"execution_time": 4.107152700424194, "passed": true}, "18": {"execution_time": 4.33332371711731, "passed": true}, "19": {"execution_time": 10.088995695114136, "passed": false}, "20": {"execution_time": 10.118802785873413, "passed": false}, "21": {"execution_time": 0.623661994934082, "passed": true}, "22": {"execution_time": 0.7976386547088623, "passed": true}, "23": {"execution_time": 10.09782075881958, "passed": false}, "24": {"execution_time": 2.388655662536621, "passed": true}, "25": {"execution_time": 10.10128664970398, "passed": false}, "26": {"execution_time": 10.05435061454773, "passed": false}, "27": {"execution_time": 10.104903936386108, "passed": false}, "28": {"execution_time": 10.120409727096558, "passed": false}, "29": {"execution_time": 0.5075645446777344, "passed": false}}}, "check_style_score": "0/1"}