{"version": "1", "message": "ERROR: Hidden Testcases server unreachable.", "problem_id": "ads2_m16_a1_1", "user_id": "tezasrivishnu", "score": {"sample": {"0": {"execution_time": 0.45399975776672363, "passed": true}, "1": {"execution_time": 0.47901272773742676, "passed": true}, "2": {"execution_time": 0.9403250217437744, "passed": true}, "3": {"execution_time": 0.9489049911499023, "passed": true}, "4": {"execution_time": 1.0027425289154053, "passed": true}, "5": {"execution_time": 1.002685785293579, "passed": true}, "6": {"execution_time": 0.9244811534881592, "passed": true}, "7": {"execution_time": 0.9491431713104248, "passed": true}, "8": {"execution_time": 0.5322325229644775, "passed": true}, "9": {"execution_time": 0.9020845890045166, "passed": true}, "10": {"execution_time": 0.9020626544952393, "passed": true}, "11": {"execution_time": 6.066418886184692, "passed": true}, "12": {"execution_time": 1.0246376991271973, "passed": true}, "13": {"execution_time": 0.41631579399108887, "passed": true}, "14": {"execution_time": 0.9713456630706787, "passed": true}, "15": {"execution_time": 0.9713220596313477, "passed": true}, "16": {"execution_time": 0.6690115928649902, "passed": true}, "17": {"execution_time": 0.5479538440704346, "passed": true}, "18": {"execution_time": 0.5671396255493164, "passed": true}, "19": {"execution_time": 0.6486237049102783, "passed": true}, "20": {"execution_time": 0.6016049385070801, "passed": true}, "21": {"execution_time": 0.5461368560791016, "passed": true}, "22": {"execution_time": 0.5390489101409912, "passed": true}, "23": {"execution_time": 0.5480473041534424, "passed": true}, "24": {"execution_time": 0.4480016231536865, "passed": true}, "25": {"execution_time": 1.1401786804199219, "passed": true}, "26": {"execution_time": 0.8713018894195557, "passed": true}, "27": {"execution_time": 1.158865213394165, "passed": true}, "28": {"execution_time": 1.7043063640594482, "passed": true}, "29": {"execution_time": 0.36939334869384766, "passed": false}}}, "check_style_score": "0/1"}