{"version": "1", "message": "ERROR: Hidden Testcases server unreachable.", "problem_id": "ads2_m16_a1_1", "user_id": "tezasrivishnu", "score": {"sample": {"0": {"execution_time": 2.821382522583008, "passed": true}, "1": {"execution_time": 2.948793411254883, "passed": true}, "2": {"execution_time": 3.5353498458862305, "passed": true}, "3": {"execution_time": 3.656738519668579, "passed": true}, "4": {"execution_time": 3.6622672080993652, "passed": true}, "5": {"execution_time": 3.8870620727539062, "passed": true}, "6": {"execution_time": 3.786501169204712, "passed": true}, "7": {"execution_time": 3.4677159786224365, "passed": true}, "8": {"execution_time": 3.4668142795562744, "passed": true}, "9": {"execution_time": 0.9657402038574219, "passed": true}, "10": {"execution_time": 1.0055606365203857, "passed": true}, "11": {"execution_time": 4.001382350921631, "passed": true}, "12": {"execution_time": 3.9093964099884033, "passed": true}, "13": {"execution_time": 2.758237361907959, "passed": true}, "14": {"execution_time": 0.9387772083282471, "passed": true}, "15": {"execution_time": 10.087690353393555, "passed": false}, "16": {"execution_time": 2.9129650592803955, "passed": true}, "17": {"execution_time": 3.3618314266204834, "passed": true}, "18": {"execution_time": 3.4111735820770264, "passed": true}, "19": {"execution_time": 10.101070880889893, "passed": false}, "20": {"execution_time": 10.107624053955078, "passed": false}, "21": {"execution_time": 0.5876214504241943, "passed": true}, "22": {"execution_time": 0.5342166423797607, "passed": true}, "23": {"execution_time": 10.08618450164795, "passed": false}, "24": {"execution_time": 2.3323850631713867, "passed": true}, "25": {"execution_time": 10.08925747871399, "passed": false}, "26": {"execution_time": 10.085399866104126, "passed": false}, "27": {"execution_time": 10.08555817604065, "passed": false}, "28": {"execution_time": 10.138773441314697, "passed": false}, "29": {"execution_time": 0.391803503036499, "passed": false}}}, "check_style_score": "0/1"}