{"version": "1", "message": "ERROR: Hidden Testcases server unreachable.", "problem_id": "ads2_m16_a1_1", "user_id": "tezasrivishnu", "score": {"sample": {"0": {"execution_time": 0.469806432723999, "passed": true}, "1": {"execution_time": 0.5230686664581299, "passed": true}, "2": {"execution_time": 1.0187678337097168, "passed": true}, "3": {"execution_time": 1.0557050704956055, "passed": true}, "4": {"execution_time": 0.902411937713623, "passed": true}, "5": {"execution_time": 0.9645805358886719, "passed": true}, "6": {"execution_time": 0.955601692199707, "passed": true}, "7": {"execution_time": 0.9068605899810791, "passed": true}, "8": {"execution_time": 0.5546956062316895, "passed": true}, "9": {"execution_time": 0.9492554664611816, "passed": true}, "10": {"execution_time": 0.9402675628662109, "passed": true}, "11": {"execution_time": 5.595555782318115, "passed": true}, "12": {"execution_time": 0.9714157581329346, "passed": true}, "13": {"execution_time": 0.43861818313598633, "passed": true}, "14": {"execution_time": 0.8867678642272949, "passed": true}, "15": {"execution_time": 0.9334535598754883, "passed": true}, "16": {"execution_time": 0.5012705326080322, "passed": true}, "17": {"execution_time": 0.48549699783325195, "passed": true}, "18": {"execution_time": 0.4699056148529053, "passed": true}, "19": {"execution_time": 0.5166330337524414, "passed": true}, "20": {"execution_time": 0.7014195919036865, "passed": true}, "21": {"execution_time": 0.532139778137207, "passed": true}, "22": {"execution_time": 0.48534631729125977, "passed": true}, "23": {"execution_time": 0.5389814376831055, "passed": true}, "24": {"execution_time": 0.3847661018371582, "passed": true}, "25": {"execution_time": 1.3004474639892578, "passed": true}, "26": {"execution_time": 1.0481503009796143, "passed": true}, "27": {"execution_time": 1.2027630805969238, "passed": true}, "28": {"execution_time": 1.6732749938964844, "passed": true}, "29": {"execution_time": 0.30039477348327637, "passed": true}}}, "check_style_score": "0/1"}