{"version": "1", "message": "ERROR: Hidden Testcases server unreachable.", "problem_id": "ads2_m16_a1_1", "user_id": "tezasrivishnu", "score": {"sample": {"0": {"execution_time": 0.4635927677154541, "passed": true}, "1": {"execution_time": 0.4698374271392822, "passed": true}, "2": {"execution_time": 0.9346611499786377, "passed": true}, "3": {"execution_time": 0.9491536617279053, "passed": true}, "4": {"execution_time": 0.918010950088501, "passed": true}, "5": {"execution_time": 0.9392755031585693, "passed": true}, "6": {"execution_time": 1.0244016647338867, "passed": true}, "7": {"execution_time": 0.9715578556060791, "passed": true}, "8": {"execution_time": 0.7015385627746582, "passed": true}, "9": {"execution_time": 0.9241273403167725, "passed": true}, "10": {"execution_time": 0.8799281120300293, "passed": true}, "11": {"execution_time": 5.637867450714111, "passed": true}, "12": {"execution_time": 0.9038395881652832, "passed": true}, "13": {"execution_time": 0.4853944778442383, "passed": true}, "14": {"execution_time": 0.886167049407959, "passed": true}, "15": {"execution_time": 0.9803507328033447, "passed": true}, "16": {"execution_time": 0.7018351554870605, "passed": true}, "17": {"execution_time": 0.5314342975616455, "passed": true}, "18": {"execution_time": 0.5793576240539551, "passed": true}, "19": {"execution_time": 0.5700135231018066, "passed": true}, "20": {"execution_time": 0.6572034358978271, "passed": true}, "21": {"execution_time": 0.6013314723968506, "passed": true}, "22": {"execution_time": 0.5819861888885498, "passed": true}, "23": {"execution_time": 0.48502063751220703, "passed": true}, "24": {"execution_time": 0.35408544540405273, "passed": true}, "25": {"execution_time": 1.0869741439819336, "passed": true}, "26": {"execution_time": 0.8554296493530273, "passed": true}, "27": {"execution_time": 1.180894136428833, "passed": true}, "28": {"execution_time": 1.6353535652160645, "passed": true}, "29": {"execution_time": 0.28510546684265137, "passed": true}}}, "check_style_score": "0/1"}