{"version": "1", "message": "ERROR: Hidden Testcases server unreachable.", "problem_id": "ads2_m16_a1_1", "user_id": "tezasrivishnu", "score": {"sample": {"0": {"execution_time": 0.5478050708770752, "passed": false}, "1": {"execution_time": 0.5010316371917725, "passed": false}, "2": {"execution_time": 1.0312721729278564, "passed": true}, "3": {"execution_time": 0.9712598323822021, "passed": true}, "4": {"execution_time": 0.9022459983825684, "passed": true}, "5": {"execution_time": 0.9489636421203613, "passed": false}, "6": {"execution_time": 0.9649949073791504, "passed": false}, "7": {"execution_time": 0.9400067329406738, "passed": false}, "8": {"execution_time": 0.5724546909332275, "passed": false}, "9": {"execution_time": 1.107853651046753, "passed": false}, "10": {"execution_time": 0.9869682788848877, "passed": false}, "11": {"execution_time": 0.34729814529418945, "passed": false}, "12": {"execution_time": 0.9399693012237549, "passed": false}, "13": {"execution_time": 0.40731358528137207, "passed": true}, "14": {"execution_time": 0.9645304679870605, "passed": false}, "15": {"execution_time": 0.9862329959869385, "passed": false}, "16": {"execution_time": 0.5233850479125977, "passed": true}, "17": {"execution_time": 0.5360240936279297, "passed": true}, "18": {"execution_time": 0.5326924324035645, "passed": true}, "19": {"execution_time": 0.5390102863311768, "passed": false}, "20": {"execution_time": 0.5165622234344482, "passed": false}, "21": {"execution_time": 0.5233907699584961, "passed": false}, "22": {"execution_time": 0.5168826580047607, "passed": true}, "23": {"execution_time": 0.5547888278961182, "passed": false}, "24": {"execution_time": 0.4161710739135742, "passed": true}, "25": {"execution_time": 0.9398646354675293, "passed": false}, "26": {"execution_time": 0.8174166679382324, "passed": false}, "27": {"execution_time": 0.9646258354187012, "passed": false}, "28": {"execution_time": 1.6355764865875244, "passed": false}, "29": {"execution_time": 0.3386666774749756, "passed": true}}}, "check_style_score": "0/1"}