{"version": "1", "message": "ERROR: Hidden Testcases server unreachable.", "problem_id": "ads2_m16_a1_1", "user_id": "tezasrivishnu", "score": {"sample": {"0": {"execution_time": 0.4342186450958252, "passed": false}, "1": {"execution_time": 0.4395720958709717, "passed": false}, "2": {"execution_time": 1.1083574295043945, "passed": false}, "3": {"execution_time": 1.2326469421386719, "passed": false}, "4": {"execution_time": 1.157594919204712, "passed": false}, "5": {"execution_time": 1.0845427513122559, "passed": false}, "6": {"execution_time": 1.0275554656982422, "passed": false}, "7": {"execution_time": 1.1186285018920898, "passed": false}, "8": {"execution_time": 0.6142277717590332, "passed": false}, "9": {"execution_time": 0.9649174213409424, "passed": false}, "10": {"execution_time": 1.1260993480682373, "passed": false}, "11": {"execution_time": 0.3245887756347656, "passed": false}, "12": {"execution_time": 1.1900053024291992, "passed": false}, "13": {"execution_time": 0.7642619609832764, "passed": false}, "14": {"execution_time": 1.0157365798950195, "passed": false}, "15": {"execution_time": 0.9035038948059082, "passed": false}, "16": {"execution_time": 0.47711634635925293, "passed": false}, "17": {"execution_time": 0.5275521278381348, "passed": false}, "18": {"execution_time": 0.7018094062805176, "passed": false}, "19": {"execution_time": 0.5701737403869629, "passed": false}, "20": {"execution_time": 0.5167136192321777, "passed": false}, "21": {"execution_time": 0.6350400447845459, "passed": false}, "22": {"execution_time": 0.5547642707824707, "passed": false}, "23": {"execution_time": 0.45192646980285645, "passed": false}, "24": {"execution_time": 0.3617575168609619, "passed": false}, "25": {"execution_time": 0.933546781539917, "passed": false}, "26": {"execution_time": 0.9697201251983643, "passed": false}, "27": {"execution_time": 0.8977169990539551, "passed": false}, "28": {"execution_time": 2.0324504375457764, "passed": false}, "29": {"execution_time": 0.5714609622955322, "passed": false}}}, "check_style_score": "0/1"}