{"version": "1", "message": "ERROR: Hidden Testcases server unreachable.", "problem_id": "ads2_m16_a1_1", "user_id": "tezasrivishnu", "score": {"sample": {"0": {"execution_time": 3.181805372238159, "passed": true}, "1": {"execution_time": 3.856532573699951, "passed": true}, "2": {"execution_time": 3.9102683067321777, "passed": true}, "3": {"execution_time": 4.16128945350647, "passed": true}, "4": {"execution_time": 4.038512468338013, "passed": true}, "5": {"execution_time": 4.186568737030029, "passed": true}, "6": {"execution_time": 4.113631010055542, "passed": true}, "7": {"execution_time": 3.7250816822052, "passed": true}, "8": {"execution_time": 4.145103931427002, "passed": true}, "9": {"execution_time": 0.9366464614868164, "passed": true}, "10": {"execution_time": 1.130612850189209, "passed": true}, "11": {"execution_time": 4.68991494178772, "passed": true}, "12": {"execution_time": 4.303009033203125, "passed": true}, "13": {"execution_time": 3.587692975997925, "passed": true}, "14": {"execution_time": 1.0144071578979492, "passed": true}, "15": {"execution_time": 10.12281608581543, "passed": false}, "16": {"execution_time": 3.2997288703918457, "passed": true}, "17": {"execution_time": 3.8476548194885254, "passed": true}, "18": {"execution_time": 4.077113151550293, "passed": true}, "19": {"execution_time": 10.100976943969727, "passed": false}, "20": {"execution_time": 10.08768630027771, "passed": false}, "21": {"execution_time": 0.7177257537841797, "passed": true}, "22": {"execution_time": 0.6875736713409424, "passed": true}, "23": {"execution_time": 10.084787845611572, "passed": false}, "24": {"execution_time": 3.2556235790252686, "passed": true}, "25": {"execution_time": 10.072996616363525, "passed": false}, "26": {"execution_time": 10.107882738113403, "passed": false}, "27": {"execution_time": 10.118536472320557, "passed": false}, "28": {"execution_time": 10.10161304473877, "passed": false}, "29": {"execution_time": 0.5402119159698486, "passed": false}}}, "check_style_score": "0/1"}