{"version": "1", "message": "ERROR: Hidden Testcases server unreachable.", "problem_id": "ads2_m16_a1_1", "user_id": "tezasrivishnu", "score": {"sample": {"0": {"execution_time": 0.46324849128723145, "passed": true}, "1": {"execution_time": 0.4541802406311035, "passed": true}, "2": {"execution_time": 0.9646437168121338, "passed": true}, "3": {"execution_time": 0.9175567626953125, "passed": true}, "4": {"execution_time": 0.9556365013122559, "passed": true}, "5": {"execution_time": 0.9241867065429688, "passed": true}, "6": {"execution_time": 0.9333217144012451, "passed": true}, "7": {"execution_time": 0.9546055793762207, "passed": true}, "8": {"execution_time": 0.5476934909820557, "passed": true}, "9": {"execution_time": 0.9180474281311035, "passed": true}, "10": {"execution_time": 0.9554672241210938, "passed": true}, "11": {"execution_time": 5.686670541763306, "passed": true}, "12": {"execution_time": 1.002650260925293, "passed": true}, "13": {"execution_time": 0.48566532135009766, "passed": true}, "14": {"execution_time": 0.9024035930633545, "passed": true}, "15": {"execution_time": 1.0026874542236328, "passed": true}, "16": {"execution_time": 0.531982421875, "passed": true}, "17": {"execution_time": 0.5388946533203125, "passed": true}, "18": {"execution_time": 0.5635848045349121, "passed": true}, "19": {"execution_time": 0.5385754108428955, "passed": true}, "20": {"execution_time": 0.603640079498291, "passed": true}, "21": {"execution_time": 0.45461273193359375, "passed": true}, "22": {"execution_time": 0.4945371150970459, "passed": true}, "23": {"execution_time": 0.5703506469726562, "passed": true}, "24": {"execution_time": 0.3851797580718994, "passed": true}, "25": {"execution_time": 1.1805498600006104, "passed": true}, "26": {"execution_time": 0.971472978591919, "passed": true}, "27": {"execution_time": 1.1727056503295898, "passed": true}, "28": {"execution_time": 1.8896739482879639, "passed": true}, "29": {"execution_time": 0.3217146396636963, "passed": true}}}, "check_style_score": "0/1"}