{"version": "1", "message": "ERROR: Hidden Testcases server unreachable.", "problem_id": "ads2_m16_a1_1", "user_id": "tezasrivishnu", "score": {"sample": {"0": {"execution_time": 0.48575854301452637, "passed": false}, "1": {"execution_time": 0.5858385562896729, "passed": false}, "2": {"execution_time": 1.0391979217529297, "passed": false}, "3": {"execution_time": 0.9804952144622803, "passed": false}, "4": {"execution_time": 1.1744344234466553, "passed": false}, "5": {"execution_time": 0.9319040775299072, "passed": false}, "6": {"execution_time": 1.2599563598632812, "passed": false}, "7": {"execution_time": 1.0179500579833984, "passed": false}, "8": {"execution_time": 0.5635638236999512, "passed": false}, "9": {"execution_time": 0.9483613967895508, "passed": false}, "10": {"execution_time": 1.0522425174713135, "passed": false}, "11": {"execution_time": 0.3846473693847656, "passed": false}, "12": {"execution_time": 0.8883593082427979, "passed": false}, "13": {"execution_time": 0.554746150970459, "passed": false}, "14": {"execution_time": 1.0557968616485596, "passed": false}, "15": {"execution_time": 0.8638238906860352, "passed": false}, "16": {"execution_time": 0.5164222717285156, "passed": false}, "17": {"execution_time": 0.5748353004455566, "passed": false}, "18": {"execution_time": 0.6302318572998047, "passed": false}, "19": {"execution_time": 0.48553919792175293, "passed": false}, "20": {"execution_time": 0.5170557498931885, "passed": false}, "21": {"execution_time": 0.6079685688018799, "passed": false}, "22": {"execution_time": 0.5704731941223145, "passed": false}, "23": {"execution_time": 0.5014052391052246, "passed": false}, "24": {"execution_time": 0.3861672878265381, "passed": false}, "25": {"execution_time": 1.024803638458252, "passed": false}, "26": {"execution_time": 0.7014851570129395, "passed": false}, "27": {"execution_time": 0.9711704254150391, "passed": false}, "28": {"execution_time": 1.6179296970367432, "passed": false}, "29": {"execution_time": 0.5340542793273926, "passed": false}}}, "check_style_score": "0/1"}