{"version": "1", "message": "ERROR: Hidden Testcases server unreachable.", "problem_id": "ads2_m16_a1_1", "user_id": "tezasrivishnu", "score": {"sample": {"0": {"execution_time": 3.2623331546783447, "passed": true}, "1": {"execution_time": 3.951164484024048, "passed": true}, "2": {"execution_time": 4.277507543563843, "passed": true}, "3": {"execution_time": 4.187191009521484, "passed": true}, "4": {"execution_time": 4.168582439422607, "passed": true}, "5": {"execution_time": 4.975463628768921, "passed": true}, "6": {"execution_time": 4.545071363449097, "passed": true}, "7": {"execution_time": 5.851491928100586, "passed": true}, "8": {"execution_time": 4.3817174434661865, "passed": true}, "9": {"execution_time": 1.0845129489898682, "passed": true}, "10": {"execution_time": 1.131321668624878, "passed": true}, "11": {"execution_time": 5.436599016189575, "passed": true}, "12": {"execution_time": 4.317111968994141, "passed": true}, "13": {"execution_time": 3.24967885017395, "passed": true}, "14": {"execution_time": 1.2738900184631348, "passed": true}, "15": {"execution_time": 10.120530843734741, "passed": false}, "16": {"execution_time": 3.409583806991577, "passed": true}, "17": {"execution_time": 4.484662055969238, "passed": true}, "18": {"execution_time": 4.464701890945435, "passed": true}, "19": {"execution_time": 10.083176612854004, "passed": false}, "20": {"execution_time": 10.080397844314575, "passed": false}, "21": {"execution_time": 0.48218822479248047, "passed": true}, "22": {"execution_time": 0.6485393047332764, "passed": true}, "23": {"execution_time": 10.074243545532227, "passed": false}, "24": {"execution_time": 3.2590038776397705, "passed": true}, "25": {"execution_time": 10.069430112838745, "passed": false}, "26": {"execution_time": 10.073474407196045, "passed": false}, "27": {"execution_time": 10.105425119400024, "passed": false}, "28": {"execution_time": 10.127365350723267, "passed": false}, "29": {"execution_time": 0.36641812324523926, "passed": false}}}, "check_style_score": "0/1"}