{"version": "1", "message": "ERROR: Hidden Testcases server unreachable.", "problem_id": "ads2_m16_a1_1", "user_id": "tezasrivishnu", "score": {"sample": {"0": {"execution_time": 2.977928400039673, "passed": true}, "1": {"execution_time": 2.995943784713745, "passed": true}, "2": {"execution_time": 3.5702736377716064, "passed": true}, "3": {"execution_time": 3.5388805866241455, "passed": true}, "4": {"execution_time": 3.529784679412842, "passed": true}, "5": {"execution_time": 3.9497628211975098, "passed": true}, "6": {"execution_time": 3.583470344543457, "passed": true}, "7": {"execution_time": 3.3555283546447754, "passed": true}, "8": {"execution_time": 3.188077449798584, "passed": true}, "9": {"execution_time": 0.9484131336212158, "passed": true}, "10": {"execution_time": 1.0091733932495117, "passed": true}, "11": {"execution_time": 4.362679958343506, "passed": true}, "12": {"execution_time": 4.197362899780273, "passed": true}, "13": {"execution_time": 2.533346652984619, "passed": true}, "14": {"execution_time": 0.9094271659851074, "passed": true}, "15": {"execution_time": 10.07594347000122, "passed": false}, "16": {"execution_time": 3.2267966270446777, "passed": true}, "17": {"execution_time": 3.4757912158966064, "passed": true}, "18": {"execution_time": 3.6558661460876465, "passed": true}, "19": {"execution_time": 10.070917844772339, "passed": false}, "20": {"execution_time": 10.106817245483398, "passed": false}, "21": {"execution_time": 0.5231058597564697, "passed": true}, "22": {"execution_time": 0.5008366107940674, "passed": true}, "23": {"execution_time": 10.061471223831177, "passed": false}, "24": {"execution_time": 2.6683051586151123, "passed": true}, "25": {"execution_time": 10.099453449249268, "passed": false}, "26": {"execution_time": 10.064633131027222, "passed": false}, "27": {"execution_time": 10.114458560943604, "passed": false}, "28": {"execution_time": 10.152397632598877, "passed": false}, "29": {"execution_time": 0.42584729194641113, "passed": false}}}, "check_style_score": "0/1"}