{"version": "1", "message": "ERROR: Hidden Testcases server unreachable.", "problem_id": "ads2_m6_a1_1", "user_id": "tezasrivishnu", "score": {"sample": {"0": {"execution_time": 0.38120555877685547, "passed": false}, "1": {"execution_time": 0.4027695655822754, "passed": false}, "2": {"execution_time": 0.4067671298980713, "passed": false}, "3": {"execution_time": 0.4747288227081299, "passed": false}, "4": {"execution_time": 0.3738436698913574, "passed": false}, "5": {"execution_time": 0.37981438636779785, "passed": false}, "6": {"execution_time": 0.35358738899230957, "passed": true}, "7": {"execution_time": 0.3738412857055664, "passed": false}, "8": {"execution_time": 0.36637282371520996, "passed": true}, "9": {"execution_time": 0.3908090591430664, "passed": false}, "10": {"execution_time": 0.36125969886779785, "passed": true}, "11": {"execution_time": 0.3632950782775879, "passed": false}}}, "check_style_score": "0/1"}