{"version": "1", "message": "ERROR: Hidden Testcases server unreachable.", "problem_id": "ads2_m6_a1_1", "user_id": "tezasrivishnu", "score": {"sample": {"0": {"execution_time": 0.5041699409484863, "passed": false}, "1": {"execution_time": 0.4048011302947998, "passed": false}, "2": {"execution_time": 0.37880825996398926, "passed": false}, "3": {"execution_time": 0.396773099899292, "passed": false}, "4": {"execution_time": 0.386821985244751, "passed": true}, "5": {"execution_time": 0.4018230438232422, "passed": false}, "6": {"execution_time": 0.3937373161315918, "passed": true}, "7": {"execution_time": 0.38825345039367676, "passed": false}, "8": {"execution_time": 0.3780698776245117, "passed": true}, "9": {"execution_time": 0.3917977809906006, "passed": true}, "10": {"execution_time": 0.37351536750793457, "passed": true}, "11": {"execution_time": 0.42098140716552734, "passed": false}}}, "check_style_score": "0/1"}