{"version": "1", "message": "ERROR: Hidden Testcases server unreachable.", "problem_id": "ads2_m6_a1_1", "user_id": "tezasrivishnu", "score": {"sample": {"0": {"execution_time": 0.414764404296875, "passed": false}, "1": {"execution_time": 0.36684155464172363, "passed": false}, "2": {"execution_time": 0.3658456802368164, "passed": false}, "3": {"execution_time": 0.37086939811706543, "passed": false}, "4": {"execution_time": 0.2889268398284912, "passed": false}, "5": {"execution_time": 0.2959868907928467, "passed": false}, "6": {"execution_time": 0.3728179931640625, "passed": true}, "7": {"execution_time": 0.2868659496307373, "passed": false}, "8": {"execution_time": 0.4426589012145996, "passed": true}, "9": {"execution_time": 0.2778971195220947, "passed": false}, "10": {"execution_time": 0.36481761932373047, "passed": true}, "11": {"execution_time": 0.3805053234100342, "passed": false}}}, "check_style_score": "0/1"}