{"version": "1", "message": "ERROR: Hidden Testcases server unreachable.", "problem_id": "ads2_m6_a1_1", "user_id": "tezasrivishnu", "score": {"sample": {"0": {"execution_time": 0.2998518943786621, "passed": false}, "1": {"execution_time": 0.3060588836669922, "passed": false}, "2": {"execution_time": 0.2928338050842285, "passed": false}, "3": {"execution_time": 0.29783129692077637, "passed": false}, "4": {"execution_time": 0.3008286952972412, "passed": false}, "5": {"execution_time": 0.2988288402557373, "passed": false}, "6": {"execution_time": 0.3048248291015625, "passed": false}, "7": {"execution_time": 0.2936241626739502, "passed": false}, "8": {"execution_time": 0.3060426712036133, "passed": false}, "9": {"execution_time": 0.29967522621154785, "passed": false}, "10": {"execution_time": 0.33319759368896484, "passed": false}, "11": {"execution_time": 0.3008272647857666, "passed": false}}}, "check_style_score": "0/1"}