{"version": "1", "message": "ERROR: Hidden Testcases server unreachable.", "problem_id": "ads2_m6_a1_1", "user_id": "tezasrivishnu", "score": {"sample": {"0": {"execution_time": 0.43477559089660645, "passed": false}, "1": {"execution_time": 0.35282349586486816, "passed": false}, "2": {"execution_time": 0.3811004161834717, "passed": false}, "3": {"execution_time": 0.32686543464660645, "passed": false}, "4": {"execution_time": 0.33799076080322266, "passed": false}, "5": {"execution_time": 0.34153318405151367, "passed": false}, "6": {"execution_time": 0.37778401374816895, "passed": false}, "7": {"execution_time": 0.33384013175964355, "passed": false}, "8": {"execution_time": 0.37178683280944824, "passed": false}, "9": {"execution_time": 0.3547971248626709, "passed": false}, "10": {"execution_time": 0.3387575149536133, "passed": false}, "11": {"execution_time": 0.3538644313812256, "passed": false}}}, "check_style_score": "0/1"}