{"version": "1", "message": "ERROR: Hidden Testcases server unreachable.", "problem_id": "ads2_m6_a1_1", "user_id": "tezasrivishnu", "score": {"sample": {"0": {"execution_time": 0.39378833770751953, "passed": false}, "1": {"execution_time": 0.43077778816223145, "passed": false}, "2": {"execution_time": 0.3836088180541992, "passed": false}, "3": {"execution_time": 0.5716731548309326, "passed": false}, "4": {"execution_time": 0.38081860542297363, "passed": false}, "5": {"execution_time": 0.38695335388183594, "passed": false}, "6": {"execution_time": 0.39080810546875, "passed": true}, "7": {"execution_time": 0.40137314796447754, "passed": false}, "8": {"execution_time": 0.3858201503753662, "passed": true}, "9": {"execution_time": 0.5436875820159912, "passed": false}, "10": {"execution_time": 0.36983299255371094, "passed": true}, "11": {"execution_time": 0.4138190746307373, "passed": false}}}, "check_style_score": "0/1"}