{"version": "1", "message": "ERROR: Hidden Testcases server unreachable.", "problem_id": "ads2_m6_a1_1", "user_id": "tezasrivishnu", "score": {"sample": {"0": {"execution_time": 0.49541354179382324, "passed": false}, "1": {"execution_time": 0.5693850517272949, "passed": false}, "2": {"execution_time": 0.9347858428955078, "passed": false}, "3": {"execution_time": 0.5593760013580322, "passed": false}, "4": {"execution_time": 0.8471064567565918, "passed": false}, "5": {"execution_time": 0.6444230079650879, "passed": true}, "6": {"execution_time": 0.4991295337677002, "passed": true}, "7": {"execution_time": 0.5528395175933838, "passed": false}, "8": {"execution_time": 0.6593649387359619, "passed": true}, "9": {"execution_time": 0.6058740615844727, "passed": false}, "10": {"execution_time": 0.4909181594848633, "passed": true}, "11": {"execution_time": 0.5515947341918945, "passed": false}}}, "check_style_score": "0/1"}