{"version": "1", "message": "ERROR: Hidden Testcases server unreachable.", "problem_id": "ads2_m6_a1_1", "user_id": "tezasrivishnu", "score": {"sample": {"0": {"execution_time": 0.373837947845459, "passed": false}, "1": {"execution_time": 0.4535346031188965, "passed": false}, "2": {"execution_time": 0.5087087154388428, "passed": false}, "3": {"execution_time": 0.3678557872772217, "passed": false}, "4": {"execution_time": 0.3728675842285156, "passed": false}, "5": {"execution_time": 0.37978243827819824, "passed": false}, "6": {"execution_time": 0.3712959289550781, "passed": true}, "7": {"execution_time": 0.40589332580566406, "passed": false}, "8": {"execution_time": 0.4197578430175781, "passed": true}, "9": {"execution_time": 0.3638286590576172, "passed": false}, "10": {"execution_time": 0.3678278923034668, "passed": true}, "11": {"execution_time": 0.3748180866241455, "passed": false}}}, "check_style_score": "0/1"}