{"version": "1", "message": "ERROR: Hidden Testcases server unreachable.", "problem_id": "ads2_m6_a1_1", "user_id": "tezasrivishnu", "score": {"sample": {"0": {"execution_time": 0.48175573348999023, "passed": false}, "1": {"execution_time": 0.3960576057434082, "passed": false}, "2": {"execution_time": 0.4098167419433594, "passed": false}, "3": {"execution_time": 0.3748025894165039, "passed": false}, "4": {"execution_time": 0.35785531997680664, "passed": false}, "5": {"execution_time": 0.37185120582580566, "passed": false}, "6": {"execution_time": 0.3748507499694824, "passed": true}, "7": {"execution_time": 0.5247509479522705, "passed": false}, "8": {"execution_time": 0.4587678909301758, "passed": true}, "9": {"execution_time": 0.4008324146270752, "passed": false}, "10": {"execution_time": 0.40082383155822754, "passed": true}, "11": {"execution_time": 0.36458587646484375, "passed": false}}}, "check_style_score": "0/1"}