{"version": "1", "message": "ERROR: Hidden Testcases server unreachable.", "problem_id": "ads2_m6_a1_1", "user_id": "tezasrivishnu", "score": {"sample": {"0": {"execution_time": 0.7177853584289551, "passed": false}, "1": {"execution_time": 0.7420628070831299, "passed": false}, "2": {"execution_time": 0.7066960334777832, "passed": false}, "3": {"execution_time": 0.6477406024932861, "passed": false}, "4": {"execution_time": 0.6262247562408447, "passed": false}, "5": {"execution_time": 0.755579948425293, "passed": true}, "6": {"execution_time": 0.7232635021209717, "passed": true}, "7": {"execution_time": 0.760237455368042, "passed": false}, "8": {"execution_time": 0.632333517074585, "passed": true}, "9": {"execution_time": 0.7739989757537842, "passed": false}, "10": {"execution_time": 0.57552170753479, "passed": true}, "11": {"execution_time": 0.7240803241729736, "passed": false}}}, "check_style_score": "0/1"}