{"version": "1", "message": "ERROR: Hidden Testcases server unreachable.", "problem_id": "ads2_m6_a1_1", "user_id": "tezasrivishnu", "score": {"sample": {"0": {"execution_time": 0.3888092041015625, "passed": false}, "1": {"execution_time": 0.3788185119628906, "passed": false}, "2": {"execution_time": 0.3628261089324951, "passed": false}, "3": {"execution_time": 0.36551403999328613, "passed": false}, "4": {"execution_time": 0.3688526153564453, "passed": false}, "5": {"execution_time": 0.46974825859069824, "passed": false}, "6": {"execution_time": 0.37279820442199707, "passed": true}, "7": {"execution_time": 0.37483644485473633, "passed": false}, "8": {"execution_time": 0.3688211441040039, "passed": true}, "9": {"execution_time": 0.3817722797393799, "passed": false}, "10": {"execution_time": 0.3683507442474365, "passed": true}, "11": {"execution_time": 0.38181090354919434, "passed": false}}}, "check_style_score": "0/1"}