{"version": "1", "message": "ERROR: Hidden Testcases server unreachable.", "problem_id": "ads2_m6_a1_1", "user_id": "tezasrivishnu", "score": {"sample": {"0": {"execution_time": 0.3726327419281006, "passed": false}, "1": {"execution_time": 0.5366926193237305, "passed": false}, "2": {"execution_time": 0.415677547454834, "passed": false}, "3": {"execution_time": 0.43478870391845703, "passed": false}, "4": {"execution_time": 0.2908470630645752, "passed": false}, "5": {"execution_time": 0.2908341884613037, "passed": false}, "6": {"execution_time": 0.36283087730407715, "passed": true}, "7": {"execution_time": 0.340803861618042, "passed": false}, "8": {"execution_time": 0.4908411502838135, "passed": true}, "9": {"execution_time": 0.2989389896392822, "passed": false}, "10": {"execution_time": 0.375821590423584, "passed": true}, "11": {"execution_time": 0.3975255489349365, "passed": false}}}, "check_style_score": "0/1"}