{"version": "1", "message": "ERROR: Hidden Testcases server unreachable.", "problem_id": "ads2_m6_a1_1", "user_id": "tezasrivishnu", "score": {"sample": {"0": {"execution_time": 0.38086485862731934, "passed": false}, "1": {"execution_time": 0.3775157928466797, "passed": false}, "2": {"execution_time": 0.6056532859802246, "passed": false}, "3": {"execution_time": 0.377840518951416, "passed": false}, "4": {"execution_time": 0.4887199401855469, "passed": false}, "5": {"execution_time": 0.29783010482788086, "passed": false}, "6": {"execution_time": 0.42378687858581543, "passed": true}, "7": {"execution_time": 0.2778658866882324, "passed": false}, "8": {"execution_time": 0.37880706787109375, "passed": true}, "9": {"execution_time": 0.2828376293182373, "passed": false}, "10": {"execution_time": 0.46176600456237793, "passed": true}, "11": {"execution_time": 0.4697301387786865, "passed": false}}}, "check_style_score": "0/1"}