{"version": "1", "message": "ERROR: Hidden Testcases server unreachable.", "problem_id": "ads2_m6_a1_1", "user_id": "tezasrivishnu", "score": {"sample": {"0": {"execution_time": 0.37285566329956055, "passed": false}, "1": {"execution_time": 0.368149995803833, "passed": false}, "2": {"execution_time": 0.356168270111084, "passed": false}, "3": {"execution_time": 0.36084842681884766, "passed": false}, "4": {"execution_time": 0.36084651947021484, "passed": false}, "5": {"execution_time": 0.3668212890625, "passed": false}, "6": {"execution_time": 0.3988008499145508, "passed": false}, "7": {"execution_time": 0.35179781913757324, "passed": false}, "8": {"execution_time": 0.36367177963256836, "passed": false}, "9": {"execution_time": 0.3488330841064453, "passed": false}, "10": {"execution_time": 0.3614180088043213, "passed": false}, "11": {"execution_time": 0.3587958812713623, "passed": false}}}, "check_style_score": "0/1"}