{"version": "1", "message": "ERROR: Hidden Testcases server unreachable.", "problem_id": "ads2_m6_a1_1", "user_id": "tezasrivishnu", "score": {"sample": {"0": {"execution_time": 0.6291601657867432, "passed": false}, "1": {"execution_time": 0.3713231086730957, "passed": false}, "2": {"execution_time": 0.4127640724182129, "passed": false}, "3": {"execution_time": 0.37278294563293457, "passed": false}, "4": {"execution_time": 0.3558363914489746, "passed": false}, "5": {"execution_time": 0.5396926403045654, "passed": false}, "6": {"execution_time": 0.45973753929138184, "passed": false}, "7": {"execution_time": 0.4913651943206787, "passed": false}, "8": {"execution_time": 0.5946600437164307, "passed": false}, "9": {"execution_time": 0.4687321186065674, "passed": false}, "10": {"execution_time": 0.3675978183746338, "passed": false}, "11": {"execution_time": 0.37769103050231934, "passed": false}}}, "check_style_score": "0/1"}