{"version": "1", "message": "ERROR: Hidden Testcases server unreachable.", "problem_id": "ads2_m6_a1_1", "user_id": "tezasrivishnu", "score": {"sample": {"0": {"execution_time": 0.5396907329559326, "passed": false}, "1": {"execution_time": 0.4977233409881592, "passed": false}, "2": {"execution_time": 0.4357421398162842, "passed": false}, "3": {"execution_time": 0.39390063285827637, "passed": false}, "4": {"execution_time": 0.28783512115478516, "passed": false}, "5": {"execution_time": 0.4027674198150635, "passed": false}, "6": {"execution_time": 0.39777040481567383, "passed": true}, "7": {"execution_time": 0.32381486892700195, "passed": false}, "8": {"execution_time": 0.4028017520904541, "passed": true}, "9": {"execution_time": 0.276841402053833, "passed": false}, "10": {"execution_time": 0.3588235378265381, "passed": true}, "11": {"execution_time": 0.47484612464904785, "passed": false}}}, "check_style_score": "0/1"}