{"version": "1", "message": "ERROR: Hidden Testcases server unreachable.", "problem_id": "ads2_m6_a1_1", "user_id": "tezasrivishnu", "score": {"sample": {"0": {"execution_time": 0.418121337890625, "passed": false}, "1": {"execution_time": 0.37557101249694824, "passed": false}, "2": {"execution_time": 0.38225722312927246, "passed": false}, "3": {"execution_time": 0.3895530700683594, "passed": false}, "4": {"execution_time": 0.37896275520324707, "passed": false}, "5": {"execution_time": 0.41434693336486816, "passed": true}, "6": {"execution_time": 0.42249441146850586, "passed": true}, "7": {"execution_time": 0.41354990005493164, "passed": false}, "8": {"execution_time": 0.463240385055542, "passed": true}, "9": {"execution_time": 0.5614333152770996, "passed": false}, "10": {"execution_time": 0.39680957794189453, "passed": true}, "11": {"execution_time": 0.4211418628692627, "passed": false}}}, "check_style_score": "0/1"}