{"version": "1", "message": "ERROR: Hidden Testcases server unreachable.", "problem_id": "ads2_m6_a1_1", "user_id": "tezasrivishnu", "score": {"sample": {"0": {"execution_time": 0.3138418197631836, "passed": false}, "1": {"execution_time": 0.3116586208343506, "passed": false}, "2": {"execution_time": 0.30227136611938477, "passed": false}, "3": {"execution_time": 0.34580302238464355, "passed": false}, "4": {"execution_time": 0.3707869052886963, "passed": false}, "5": {"execution_time": 0.33181118965148926, "passed": false}, "6": {"execution_time": 0.32483959197998047, "passed": false}, "7": {"execution_time": 0.3123002052307129, "passed": false}, "8": {"execution_time": 0.3118281364440918, "passed": false}, "9": {"execution_time": 0.36778974533081055, "passed": false}, "10": {"execution_time": 0.3018524646759033, "passed": false}, "11": {"execution_time": 0.308093786239624, "passed": false}}}, "check_style_score": "0/1"}