{"version": "1", "message": "ERROR: Hidden Testcases server unreachable.", "problem_id": "ads2_m6_a1_1", "user_id": "tezasrivishnu", "score": {"sample": {"0": {"execution_time": 0.44643592834472656, "passed": false}, "1": {"execution_time": 0.3658442497253418, "passed": false}, "2": {"execution_time": 0.3948063850402832, "passed": false}, "3": {"execution_time": 0.3678004741668701, "passed": false}, "4": {"execution_time": 0.3798360824584961, "passed": false}, "5": {"execution_time": 0.3548760414123535, "passed": false}, "6": {"execution_time": 0.35189342498779297, "passed": false}, "7": {"execution_time": 0.3418722152709961, "passed": false}, "8": {"execution_time": 0.374678373336792, "passed": false}, "9": {"execution_time": 0.37084436416625977, "passed": false}, "10": {"execution_time": 0.4718141555786133, "passed": false}, "11": {"execution_time": 0.3988049030303955, "passed": false}}}, "check_style_score": "0/1"}