{"version": "1", "message": "ERROR: Hidden Testcases server unreachable.", "problem_id": "ads2_m6_a1_1", "user_id": "tezasrivishnu", "score": {"sample": {"0": {"execution_time": 0.5017147064208984, "passed": false}, "1": {"execution_time": 0.3617582321166992, "passed": false}, "2": {"execution_time": 0.5217018127441406, "passed": false}, "3": {"execution_time": 0.3987722396850586, "passed": false}, "4": {"execution_time": 0.35483312606811523, "passed": false}, "5": {"execution_time": 0.3778355121612549, "passed": false}, "6": {"execution_time": 0.37684035301208496, "passed": false}, "7": {"execution_time": 0.45973873138427734, "passed": false}, "8": {"execution_time": 0.3528287410736084, "passed": false}, "9": {"execution_time": 0.35681772232055664, "passed": false}, "10": {"execution_time": 0.3442363739013672, "passed": false}, "11": {"execution_time": 0.3508734703063965, "passed": false}}}, "check_style_score": "0/1"}