{"version": "1", "message": "ERROR: Hidden Testcases server unreachable.", "problem_id": "ads2_m6_a1_1", "user_id": "tezasrivishnu", "score": {"sample": {"0": {"execution_time": 0.5646758079528809, "passed": false}, "1": {"execution_time": 0.3568859100341797, "passed": false}, "2": {"execution_time": 0.3699061870574951, "passed": false}, "3": {"execution_time": 0.3594183921813965, "passed": false}, "4": {"execution_time": 0.3568534851074219, "passed": false}, "5": {"execution_time": 0.35585498809814453, "passed": false}, "6": {"execution_time": 0.345822811126709, "passed": false}, "7": {"execution_time": 0.35485243797302246, "passed": false}, "8": {"execution_time": 0.36284971237182617, "passed": false}, "9": {"execution_time": 0.3512911796569824, "passed": false}, "10": {"execution_time": 0.35383081436157227, "passed": false}, "11": {"execution_time": 0.3566708564758301, "passed": false}}}, "check_style_score": "0/1"}