{"version": "1", "message": "ERROR: Hidden Testcases server unreachable.", "problem_id": "ads2_m6_a1_1", "user_id": "tezasrivishnu", "score": {"sample": {"0": {"execution_time": 0.4731776714324951, "passed": false}, "1": {"execution_time": 0.4726228713989258, "passed": false}, "2": {"execution_time": 0.4931330680847168, "passed": false}, "3": {"execution_time": 0.513256311416626, "passed": false}, "4": {"execution_time": 0.5365166664123535, "passed": false}, "5": {"execution_time": 0.563640832901001, "passed": true}, "6": {"execution_time": 0.5037093162536621, "passed": true}, "7": {"execution_time": 0.5242419242858887, "passed": false}, "8": {"execution_time": 0.4976842403411865, "passed": true}, "9": {"execution_time": 0.5208022594451904, "passed": false}, "10": {"execution_time": 0.4527738094329834, "passed": true}, "11": {"execution_time": 0.5435535907745361, "passed": false}}}, "check_style_score": "0/1"}